analysis_area_id	month	year	monthly_factor
1	1	2012	0.79
1	2	2012	0.89
1	3	2012	0.76
1	4	2012	1.10
1	5	2012	1.31
1	6	2012	0.99
1	7	2012	0.93
1	8	2012	1.28
1	9	2012	1.47
1	10	2012	1.12
1	11	2012	0.96
1	12	2012	0.66
1	1	2013	0.68
1	2	2013	0.84
1	3	2013	0.86
1	4	2013	1.07
1	5	2013	1.17
1	6	2013	1.27
1	7	2013	1.31
1	8	2013	1.32
1	9	2013	1.12
1	10	2013	1.09
1	11	2013	0.88
1	12	2013	0.59
1	1	2014	0.81
1	2	2014	0.63
1	3	2014	0.79
1	4	2014	1.05
1	5	2014	1.24
1	6	2014	1.23
1	7	2014	1.31
1	8	2014	1.34
1	9	2014	1.29
1	10	2014	1.09
1	11	2014	0.81
1	12	2014	0.67
1	1	2015	0.88
1	2	2015	0.93
1	3	2015	0.86
1	4	2015	1.11
1	5	2015	1.25
1	6	2015	1.36
1	7	2015	1.31
1	8	2015	1.34
1	9	2015	1.07
1	10	2015	0.93
1	11	2015	0.74
1	12	2015	0.47
1	1	2016	0.75
1	2	2016	0.52
1	3	2016	0.86
1	4	2016	1.28
1	5	2016	1.38
1	6	2016	1.33
1	7	2016	1.46
1	8	2016	1.43
1	9	2016	0.95
1	10	2016	0.95
1	11	2016	1.00
1	12	2016	0.39
2	1	2013	0.49
2	2	2013	0.46
2	3	2013	0.59
2	4	2013	1.24
2	5	2013	1.36
2	6	2013	1.35
2	7	2013	1.43
2	8	2013	1.47
2	9	2013	1.49
2	10	2013	1.02
2	11	2013	0.77
2	12	2013	0.41
2	1	2014	0.24
2	2	2014	0.33
2	3	2014	0.49
2	4	2014	1.16
2	5	2014	1.54
2	6	2014	1.62
2	7	2014	1.56
2	8	2014	1.48
2	9	2014	1.44
2	10	2014	1.05
2	11	2014	0.65
2	12	2014	0.45
2	1	2015	0.26
2	2	2015	0.27
2	3	2015	0.54
2	4	2015	1.11
2	5	2015	1.61
2	6	2015	1.42
2	7	2015	1.41
2	8	2015	1.56
2	9	2015	1.36
2	10	2015	1.01
2	11	2015	0.81
2	12	2015	0.66
2	1	2016	0.31
2	2	2016	0.39
2	3	2016	0.85
2	4	2016	1.00
2	5	2016	1.11
2	6	2016	1.64
2	7	2016	1.47
2	8	2016	1.43
2	9	2016	1.36
2	10	2016	1.17
2	11	2016	0.95
2	12	2016	0.49
3	1	2013	0.75
3	2	2013	0.74
3	3	2013	0.90
3	4	2013	1.20
3	5	2013	1.22
3	6	2013	1.05
3	7	2013	0.98
3	8	2013	1.21
3	9	2013	1.28
3	10	2013	1.10
3	11	2013	0.90
3	12	2013	0.68
3	1	2014	0.52
3	2	2014	0.71
3	3	2014	0.80
3	4	2014	1.10
3	5	2014	1.34
3	6	2014	1.29
3	7	2014	1.18
3	8	2014	1.23
3	9	2014	1.22
3	10	2014	1.07
3	11	2014	0.77
3	12	2014	0.63
3	1	2015	0.61
3	2	2015	0.61
3	3	2015	0.89
3	4	2015	1.18
3	5	2015	1.27
3	6	2015	1.18
3	7	2015	1.17
3	8	2015	1.23
3	9	2015	1.16
3	10	2015	1.01
3	11	2015	0.85
3	12	2015	0.73
3	1	2016	0.68
3	2	2016	0.78
3	3	2016	0.99
3	4	2016	1.08
3	5	2016	1.12
3	6	2016	1.31
3	7	2016	1.14
3	8	2016	1.11
3	9	2016	1.06
3	10	2016	1.13
3	11	2016	0.93
3	12	2016	0.64
4	1	2013	0.83
4	2	2013	0.86
4	3	2013	0.94
4	4	2013	1.23
4	5	2013	1.22
4	6	2013	1.22
4	7	2013	1.03
4	8	2013	1.12
4	9	2013	1.21
4	10	2013	0.99
4	11	2013	0.93
4	12	2013	0.64
4	1	2014	0.50
4	2	2014	0.68
4	3	2014	0.76
4	4	2014	1.04
4	5	2014	1.24
4	6	2014	1.26
4	7	2014	1.19
4	8	2014	1.24
4	9	2014	1.30
4	10	2014	1.21
4	11	2014	0.91
4	12	2014	0.75
4	1	2015	0.70
4	2	2015	0.66
4	3	2015	0.95
4	4	2015	1.23
4	5	2015	1.26
4	6	2015	1.16
4	7	2015	1.11
4	8	2015	1.08
4	9	2015	1.09
4	10	2015	1.11
4	11	2015	0.97
4	12	2015	0.84
4	1	2016	0.72
4	2	2016	0.79
4	3	2016	1.12
4	4	2016	1.16
4	5	2016	1.08
4	6	2016	1.21
4	7	2016	1.10
4	8	2016	0.99
4	9	2016	1.08
4	10	2016	1.20
4	11	2016	1.06
4	12	2016	0.74
5	1	2013	0.55
5	2	2013	0.51
5	3	2013	0.61
5	4	2013	1.24
5	5	2013	1.36
5	6	2013	1.34
5	7	2013	1.39
5	8	2013	1.37
5	9	2013	1.47
5	10	2013	1.04
5	11	2013	0.89
5	12	2013	0.42
5	1	2014	0.23
5	2	2014	0.33
5	3	2014	0.49
5	4	2014	1.16
5	5	2014	1.54
5	6	2014	1.59
5	7	2014	1.49
5	8	2014	1.40
5	9	2014	1.47
5	10	2014	1.13
5	11	2014	0.72
5	12	2014	0.53
5	1	2015	0.34
5	2	2015	0.32
5	3	2015	0.59
5	4	2015	1.14
5	5	2015	1.51
5	6	2015	1.37
5	7	2015	1.43
5	8	2015	1.46
5	9	2015	1.39
5	10	2015	1.04
5	11	2015	0.87
5	12	2015	0.68
5	1	2016	0.36
5	2	2016	0.42
5	3	2016	0.88
5	4	2016	1.01
5	5	2016	1.11
5	6	2016	1.61
5	7	2016	1.40
5	8	2016	1.38
5	9	2016	1.30
5	10	2016	1.19
5	11	2016	0.99
5	12	2016	0.60
6	1	2013	0.53
6	2	2013	0.28
6	3	2013	0.72
6	4	2013	1.27
6	5	2013	1.34
6	6	2013	1.46
6	7	2013	1.50
6	8	2013	1.47
6	9	2013	1.35
6	10	2013	0.87
6	11	2013	0.70
6	12	2013	0.52
6	1	2014	0.34
6	2	2014	0.48
6	3	2014	0.61
6	4	2014	1.14
6	5	2014	1.53
6	6	2014	1.54
6	7	2014	1.49
6	8	2014	1.45
6	9	2014	1.27
6	10	2014	0.90
6	11	2014	0.67
6	12	2014	0.51
6	1	2015	0.36
6	2	2015	0.42
6	3	2015	0.67
6	4	2015	1.20
6	5	2015	1.43
6	6	2015	1.33
6	7	2015	1.50
6	8	2015	1.50
6	9	2015	1.21
6	10	2015	0.87
6	11	2015	0.78
6	12	2015	0.67
6	1	2016	0.43
6	2	2016	0.50
6	3	2016	0.89
6	4	2016	1.06
6	5	2016	1.08
6	6	2016	1.46
6	7	2016	1.35
6	8	2016	1.36
6	9	2016	1.38
6	10	2016	1.15
6	11	2016	0.95
6	12	2016	0.50
7	1	2013	0.45
7	2	2013	0.41
7	3	2013	0.55
7	4	2013	1.24
7	5	2013	1.34
7	6	2013	1.43
7	7	2013	1.45
7	8	2013	1.49
7	9	2013	1.53
7	10	2013	1.01
7	11	2013	0.74
7	12	2013	0.38
7	1	2014	0.22
7	2	2014	0.32
7	3	2014	0.45
7	4	2014	1.15
7	5	2014	1.56
7	6	2014	1.63
7	7	2014	1.63
7	8	2014	1.53
7	9	2014	1.45
7	10	2014	1.02
7	11	2014	0.59
7	12	2014	0.39
7	1	2015	0.23
7	2	2015	0.23
7	3	2015	0.50
7	4	2015	1.18
7	5	2015	1.58
7	6	2015	1.41
7	7	2015	1.48
7	8	2015	1.58
7	9	2015	1.38
7	10	2015	0.97
7	11	2015	0.76
7	12	2015	0.62
7	1	2016	0.29
7	2	2016	0.42
7	3	2016	0.83
7	4	2016	1.00
7	5	2016	1.12
7	6	2016	1.65
7	7	2016	1.45
7	8	2016	1.47
7	9	2016	1.38
7	10	2016	1.15
7	11	2016	0.88
7	12	2016	0.43
8	1	2013	0.69
8	2	2013	0.71
8	3	2013	0.86
8	4	2013	1.25
8	5	2013	1.16
8	6	2013	1.17
8	7	2013	1.17
8	8	2013	1.29
8	9	2013	1.37
8	10	2013	1.09
8	11	2013	0.85
8	12	2013	0.36
8	1	2014	0.29
8	2	2014	0.36
8	3	2014	0.68
8	4	2014	1.40
8	5	2014	1.60
8	6	2014	1.52
8	7	2014	1.47
8	8	2014	1.46
8	9	2014	0.98
8	10	2014	0.85
8	11	2014	0.76
8	12	2014	0.49
8	1	2015	0.57
8	2	2015	0.52
8	3	2015	0.93
8	4	2015	1.22
8	5	2015	1.27
8	6	2015	1.15
8	7	2015	1.03
8	8	2015	1.25
8	9	2015	1.24
8	10	2015	1.09
8	11	2015	0.88
8	12	2015	0.75
8	1	2016	0.57
8	2	2016	0.72
8	3	2016	1.13
8	4	2016	1.08
8	5	2016	1.11
8	6	2016	1.29
8	7	2016	1.12
8	8	2016	1.13
8	9	2016	1.15
8	10	2016	1.12
8	11	2016	0.95
8	12	2016	0.61
9	1	2016	0.34
9	2	2016	0.44
9	3	2016	0.88
9	4	2016	1.06
9	5	2016	1.13
9	6	2016	1.57
9	7	2016	1.43
9	8	2016	1.44
9	9	2016	1.33
9	10	2016	1.11
9	11	2016	0.89
9	12	2016	0.46
10	1	2016	0.70
10	2	2016	0.76
10	3	2016	1.26
10	4	2016	1.19
10	5	2016	1.09
10	6	2016	1.44
10	7	2016	1.25
10	8	2016	0.79
10	9	2016	1.03
10	10	2016	1.06
10	11	2016	0.92
10	12	2016	0.57
11	1	2014	0.28
11	2	2014	0.34
11	3	2014	0.47
11	4	2014	1.03
11	5	2014	1.57
11	6	2014	1.65
11	7	2014	1.50
11	8	2014	1.51
11	9	2014	1.53
11	10	2014	1.06
11	11	2014	0.66
11	12	2014	0.49
12	1	2013	0.54
12	2	2013	0.52
12	3	2013	0.61
12	4	2013	1.12
12	5	2013	1.19
12	6	2013	1.28
12	7	2013	1.31
12	8	2013	1.44
12	9	2013	1.54
12	10	2013	1.20
12	11	2013	0.95
12	12	2013	0.56
12	1	2014	0.39
12	2	2014	0.52
12	3	2014	0.60
12	4	2014	1.27
12	5	2014	1.66
12	6	2014	1.82
12	7	2014	1.75
12	8	2014	1.74
12	9	2014	0.96
12	10	2014	0.64
12	11	2014	0.44
12	12	2014	0.28
12	1	2015	0.36
12	2	2015	0.30
12	3	2015	0.53
12	4	2015	1.10
12	5	2015	1.52
12	6	2015	1.36
12	7	2015	1.42
12	8	2015	1.55
12	9	2015	1.45
12	10	2015	1.06
12	11	2015	0.87
12	12	2015	0.63
13	1	2012	0.44
13	2	2012	0.50
13	3	2012	0.99
13	4	2012	1.17
13	5	2012	1.33
13	6	2012	1.49
13	7	2012	1.27
13	8	2012	1.33
13	9	2012	1.40
13	10	2012	0.92
13	11	2012	0.64
13	12	2012	0.49
13	1	2013	0.43
13	2	2013	0.37
13	3	2013	0.57
13	4	2013	1.33
13	5	2013	1.31
13	6	2013	1.40
13	7	2013	1.46
13	8	2013	1.55
13	9	2013	1.49
13	10	2013	1.00
13	11	2013	0.73
13	12	2013	0.37
13	1	2014	0.22
13	2	2014	0.36
13	3	2014	0.47
13	4	2014	1.18
13	5	2014	1.44
13	6	2014	1.54
13	7	2014	1.65
13	8	2014	1.60
13	9	2014	1.48
13	10	2014	1.04
13	11	2014	0.71
13	12	2014	0.37
13	1	2016	0.26
13	2	2016	0.25
13	3	2016	0.93
13	4	2016	1.03
13	5	2016	1.11
13	6	2016	1.61
13	7	2016	1.59
13	8	2016	1.48
13	9	2016	1.38
13	10	2016	1.16
13	11	2016	0.91
13	12	2016	0.43
14	1	2012	0.74
14	2	2012	0.91
14	3	2012	1.27
14	4	2012	1.26
14	5	2012	1.23
14	6	2012	1.15
14	7	2012	0.91
14	8	2012	1.05
14	9	2012	1.17
14	10	2012	1.02
14	11	2012	0.66
14	12	2012	0.59
14	1	2013	0.72
14	2	2013	0.78
14	3	2013	0.94
14	4	2013	1.33
14	5	2013	1.17
14	6	2013	1.08
14	7	2013	0.86
14	8	2013	1.24
14	9	2013	1.44
14	10	2013	1.10
14	11	2013	0.81
14	12	2013	0.55
14	1	2014	0.57
14	2	2014	0.83
14	3	2014	1.03
14	4	2014	1.27
14	5	2014	1.04
14	6	2014	0.67
14	7	2014	1.05
14	8	2014	1.17
14	9	2014	1.55
14	10	2014	1.30
14	11	2014	0.89
14	12	2014	0.64
14	1	2016	0.32
14	2	2016	0.38
14	3	2016	1.37
14	4	2016	1.43
14	5	2016	1.24
14	6	2016	1.12
14	7	2016	0.73
14	8	2016	0.83
14	9	2016	1.24
14	10	2016	1.55
14	11	2016	1.10
14	12	2016	0.67
15	1	2013	0.40
15	2	2013	0.40
15	3	2013	0.55
15	4	2013	1.15
15	5	2013	1.24
15	6	2013	1.32
15	7	2013	1.33
15	8	2013	1.37
15	9	2013	1.49
15	10	2013	1.09
15	11	2013	1.22
15	12	2013	0.68
15	1	2014	0.27
15	2	2014	0.38
15	3	2014	0.47
15	4	2014	1.36
15	5	2014	1.71
15	6	2014	1.84
15	7	2014	1.50
15	8	2014	1.44
15	9	2014	1.35
15	10	2014	1.00
15	11	2014	0.44
15	12	2014	0.32
16	1	2010	0.38
16	2	2010	0.04
16	3	2010	0.78
16	4	2010	1.39
16	5	2010	1.37
16	6	2010	1.53
16	7	2010	1.47
16	8	2010	1.35
16	9	2010	1.40
16	10	2010	1.15
16	11	2010	0.86
16	12	2010	0.34
16	1	2011	0.29
16	2	2011	0.46
16	3	2011	0.76
16	4	2011	1.14
16	5	2011	1.43
16	6	2011	1.56
16	7	2011	1.45
16	8	2011	1.37
16	9	2011	1.20
16	10	2011	1.00
16	11	2011	0.92
16	12	2011	0.62
16	1	2012	0.49
16	2	2012	0.64
16	3	2012	1.06
16	4	2012	1.14
16	5	2012	1.28
16	6	2012	1.41
16	7	2012	1.24
16	8	2012	1.26
16	9	2012	1.36
16	10	2012	0.86
16	11	2012	0.77
16	12	2012	0.65
16	1	2013	0.56
16	2	2013	0.53
16	3	2013	0.64
16	4	2013	1.26
16	5	2013	1.32
16	6	2013	1.34
16	7	2013	1.34
16	8	2013	1.34
16	9	2013	1.49
16	10	2013	1.05
16	11	2013	0.86
16	12	2013	0.48
16	1	2014	0.33
16	2	2014	0.41
16	3	2014	0.54
16	4	2014	1.21
16	5	2014	1.51
16	6	2014	1.53
16	7	2014	1.48
16	8	2014	1.39
16	9	2014	1.40
16	10	2014	1.08
16	11	2014	0.73
16	12	2014	0.52
16	1	2015	0.30
16	2	2015	0.29
16	3	2015	0.55
16	4	2015	1.14
16	5	2015	1.51
16	6	2015	1.30
16	7	2015	1.38
16	8	2015	1.47
16	9	2015	1.43
16	10	2015	1.11
16	11	2015	0.95
16	12	2015	0.75
16	1	2016	0.35
16	2	2016	0.47
16	3	2016	0.93
16	4	2016	0.83
16	5	2016	1.20
16	6	2016	1.60
16	7	2016	1.41
16	8	2016	1.35
16	9	2016	1.34
16	10	2016	1.22
16	11	2016	1.00
16	12	2016	0.59
17	1	2010	0.65
17	2	2010	0.26
17	3	2010	1.16
17	4	2010	1.34
17	5	2010	1.17
17	6	2010	1.16
17	7	2010	1.07
17	8	2010	1.15
17	9	2010	1.20
17	10	2010	1.29
17	11	2010	0.97
17	12	2010	0.56
17	1	2011	0.60
17	2	2011	0.92
17	3	2011	1.11
17	4	2011	1.27
17	5	2011	1.18
17	6	2011	1.14
17	7	2011	0.89
17	8	2011	1.05
17	9	2011	1.03
17	10	2011	1.04
17	11	2011	1.04
17	12	2011	0.79
17	1	2012	0.86
17	2	2012	1.04
17	3	2012	1.34
17	4	2012	1.40
17	5	2012	1.11
17	6	2012	1.03
17	7	2012	0.74
17	8	2012	0.88
17	9	2012	1.13
17	10	2012	0.94
17	11	2012	0.80
17	12	2012	0.80
17	1	2013	0.84
17	2	2013	0.86
17	3	2013	1.01
17	4	2013	1.27
17	5	2013	1.07
17	6	2013	0.96
17	7	2013	0.84
17	8	2013	1.01
17	9	2013	1.37
17	10	2013	1.14
17	11	2013	0.99
17	12	2013	0.69
17	1	2014	0.61
17	2	2014	0.89
17	3	2014	1.00
17	4	2014	1.23
17	5	2014	1.80
17	6	2014	0.91
17	7	2014	0.89
17	8	2014	1.03
17	9	2014	1.17
17	10	2014	1.12
17	11	2014	0.80
17	12	2014	0.59
17	1	2015	0.59
17	2	2015	0.63
17	3	2015	1.04
17	4	2015	1.36
17	5	2015	1.16
17	6	2015	0.84
17	7	2015	0.94
17	8	2015	1.13
17	9	2015	1.16
17	10	2015	1.22
17	11	2015	1.00
17	12	2015	0.92
17	1	2016	0.69
17	2	2016	0.84
17	3	2016	1.23
17	4	2016	1.48
17	5	2016	1.13
17	6	2016	1.08
17	7	2016	0.86
17	8	2016	0.90
17	9	2016	1.07
17	10	2016	1.17
17	11	2016	0.97
17	12	2016	0.66
18	1	2013	0.47
18	2	2013	0.38
18	3	2013	0.59
18	4	2013	1.28
18	5	2013	1.11
18	6	2013	1.59
18	7	2013	1.64
18	8	2013	1.69
18	9	2013	1.36
18	10	2013	0.91
18	11	2013	0.40
18	12	2013	0.39
18	1	2014	0.22
18	2	2014	0.40
18	3	2014	0.65
18	4	2014	1.58
18	5	2014	1.49
18	6	2014	1.59
18	7	2014	1.67
18	8	2014	1.49
18	9	2014	1.33
18	10	2014	0.77
18	11	2014	0.37
18	12	2014	0.20
18	1	2015	0.20
18	2	2015	0.14
18	3	2015	0.47
18	4	2015	1.18
18	5	2015	1.52
18	6	2015	1.38
18	7	2015	1.61
18	8	2015	1.72
18	9	2015	1.37
18	10	2015	0.92
18	11	2015	0.70
18	12	2015	0.55
18	1	2016	0.26
18	2	2016	0.40
18	3	2016	0.81
18	4	2016	1.02
18	5	2016	1.14
18	6	2016	1.68
18	7	2016	1.54
18	8	2016	1.50
18	9	2016	1.41
18	10	2016	1.08
18	11	2016	0.77
18	12	2016	0.34
19	1	2013	0.57
19	2	2013	0.53
19	3	2013	0.73
19	4	2013	1.21
19	5	2013	1.33
19	6	2013	1.22
19	7	2013	1.23
19	8	2013	1.33
19	9	2013	1.40
19	10	2013	1.06
19	11	2013	0.79
19	12	2013	0.52
19	1	2014	0.33
19	2	2014	0.52
19	3	2014	0.62
19	4	2014	0.77
19	5	2014	1.53
19	6	2014	1.52
19	7	2014	1.42
19	8	2014	1.46
19	9	2014	1.29
19	10	2014	1.12
19	11	2014	0.72
19	12	2014	0.54
19	1	2015	0.47
19	2	2015	0.39
19	3	2015	0.88
19	4	2015	1.20
19	5	2015	1.42
19	6	2015	1.31
19	7	2015	1.30
19	8	2015	1.34
19	9	2015	1.19
19	10	2015	0.96
19	11	2015	0.78
19	12	2015	0.67
19	1	2016	0.44
19	2	2016	0.55
19	3	2016	0.93
19	4	2016	1.14
19	5	2016	1.06
19	6	2016	1.42
19	7	2016	1.31
19	8	2016	1.43
19	9	2016	1.27
19	10	2016	1.16
19	11	2016	0.78
19	12	2016	0.45
20	1	2014	0.28
20	2	2014	0.46
20	3	2014	0.55
20	4	2014	1.05
20	5	2014	1.44
20	6	2014	1.61
20	7	2014	1.44
20	8	2014	1.42
20	9	2014	1.47
20	10	2014	1.12
20	11	2014	0.74
20	12	2014	0.51
20	1	2015	0.38
20	2	2015	0.32
20	3	2015	0.55
20	4	2015	1.09
20	5	2015	1.51
20	6	2015	1.30
20	7	2015	1.37
20	8	2015	1.45
20	9	2015	1.45
20	10	2015	1.12
20	11	2015	0.86
20	12	2015	0.67
20	1	2016	0.35
20	2	2016	0.47
20	3	2016	0.81
20	4	2016	0.99
20	5	2016	1.12
20	6	2016	1.47
20	7	2016	1.32
20	8	2016	1.42
20	9	2016	1.42
20	10	2016	1.27
20	11	2016	1.04
20	12	2016	0.57
21	1	2014	0.62
21	2	2014	0.75
21	3	2014	0.82
21	4	2014	1.22
21	5	2014	1.20
21	6	2014	1.23
21	7	2014	1.20
21	8	2014	1.14
21	9	2014	1.22
21	10	2014	1.08
21	11	2014	0.87
21	12	2014	0.70
21	1	2015	0.61
21	2	2015	0.59
21	3	2015	0.87
21	4	2015	1.17
21	5	2015	1.25
21	6	2015	1.24
21	7	2015	1.10
21	8	2015	1.16
21	9	2015	1.15
21	10	2015	1.08
21	11	2015	1.02
21	12	2015	0.87
21	1	2016	0.75
21	2	2016	0.81
21	3	2016	1.08
21	4	2016	1.13
21	5	2016	1.11
21	6	2016	1.26
21	7	2016	1.03
21	8	2016	1.04
21	9	2016	1.12
21	10	2016	1.15
21	11	2016	0.97
21	12	2016	0.70
22	1	2012	0.60
22	2	2012	0.58
22	3	2012	0.00
22	4	2012	0.00
22	5	2012	1.38
22	6	2012	1.93
22	7	2012	1.65
22	8	2012	1.63
22	9	2012	1.77
22	10	2012	1.17
22	11	2012	0.76
22	12	2012	0.65
22	1	2013	0.43
22	2	2013	0.39
22	3	2013	0.57
22	4	2013	1.33
22	5	2013	1.36
22	6	2013	1.43
22	7	2013	1.40
22	8	2013	1.46
22	9	2013	1.50
22	10	2013	1.08
22	11	2013	0.73
22	12	2013	0.39
22	1	2014	0.22
22	2	2014	0.32
22	3	2014	0.48
22	4	2014	1.44
22	5	2014	1.62
22	6	2014	1.65
22	7	2014	1.48
22	8	2014	1.45
22	9	2014	1.33
22	10	2014	1.03
22	11	2014	0.58
22	12	2014	0.39
22	1	2015	0.26
22	2	2015	0.22
22	3	2015	0.54
22	4	2015	1.28
22	5	2015	1.57
22	6	2015	1.35
22	7	2015	1.37
22	8	2015	1.45
22	9	2015	1.35
22	10	2015	1.14
22	11	2015	0.93
22	12	2015	0.65
23	1	2012	0.80
23	2	2012	0.73
23	3	2012	0.00
23	4	2012	0.00
23	5	2012	1.38
23	6	2012	1.70
23	7	2012	1.36
23	8	2012	1.42
23	9	2012	1.68
23	10	2012	1.38
23	11	2012	0.86
23	12	2012	0.73
23	1	2013	0.62
23	2	2013	0.59
23	3	2013	0.79
23	4	2013	1.38
23	5	2013	1.24
23	6	2013	1.42
23	7	2013	1.19
23	8	2013	1.22
23	9	2013	1.26
23	10	2013	1.04
23	11	2013	0.76
23	12	2013	0.47
23	1	2014	0.41
23	2	2014	0.58
23	3	2014	0.73
23	4	2014	1.21
23	5	2014	1.47
23	6	2014	1.65
23	7	2014	1.34
23	8	2014	1.15
23	9	2014	1.25
23	10	2014	1.04
23	11	2014	0.64
23	12	2014	0.44
23	1	2015	0.43
23	2	2015	0.42
23	3	2015	0.80
23	4	2015	1.33
23	5	2015	1.58
23	6	2015	1.23
23	7	2015	1.27
23	8	2015	1.24
23	9	2015	1.18
23	10	2015	1.11
23	11	2015	0.84
23	12	2015	0.65
24	1	2013	0.00
24	2	2013	0.00
24	3	2013	0.00
24	4	2013	0.00
24	5	2013	0.20
24	6	2013	1.61
24	7	2013	1.56
24	8	2013	1.73
24	9	2013	1.86
24	10	2013	2.27
24	11	2013	1.82
24	12	2013	1.20
24	1	2014	0.33
24	2	2014	0.39
24	3	2014	0.55
24	4	2014	1.08
24	5	2014	1.41
24	6	2014	1.47
24	7	2014	1.36
24	8	2014	1.49
24	9	2014	1.53
24	10	2014	1.23
24	11	2014	0.69
24	12	2014	0.51
24	1	2015	0.35
24	2	2015	0.28
24	3	2015	0.57
24	4	2015	1.27
24	5	2015	1.71
24	6	2015	1.43
24	7	2015	1.65
24	8	2015	1.53
24	9	2015	1.37
24	10	2015	0.83
24	11	2015	0.59
24	12	2015	0.47
24	1	2016	0.34
24	2	2016	0.15
24	3	2016	0.42
24	4	2016	0.87
24	5	2016	1.12
24	6	2016	1.65
24	7	2016	1.65
24	8	2016	1.57
24	9	2016	1.49
24	10	2016	1.30
24	11	2016	1.00
24	12	2016	0.60
25	1	2013	1.08
25	2	2013	0.96
25	3	2013	1.03
25	4	2013	0.32
25	5	2013	0.21
25	6	2013	1.15
25	7	2013	0.88
25	8	2013	1.03
25	9	2013	1.19
25	10	2013	1.51
25	11	2013	1.37
25	12	2013	1.14
25	1	2014	0.48
25	2	2014	0.58
25	3	2014	0.71
25	4	2014	1.06
25	5	2014	1.21
25	6	2014	1.16
25	7	2014	1.15
25	8	2014	1.15
25	9	2014	1.20
25	10	2014	1.06
25	11	2014	0.80
25	12	2014	0.96
25	1	2015	0.60
25	2	2015	0.53
25	3	2015	0.90
25	4	2015	1.15
25	5	2015	1.31
25	6	2015	1.36
25	7	2015	1.73
25	8	2015	1.18
25	9	2015	1.29
25	10	2015	0.87
25	11	2015	0.38
25	12	2015	0.83
25	1	2016	0.31
25	2	2016	0.73
25	3	2016	0.66
25	4	2016	0.95
25	5	2016	1.17
25	6	2016	1.21
25	7	2016	1.07
25	8	2016	1.05
25	9	2016	1.28
25	10	2016	1.20
25	11	2016	1.08
25	12	2016	0.88
26	1	2015	0.32
26	2	2015	0.29
26	3	2015	0.55
26	4	2015	1.19
26	5	2015	1.54
26	6	2015	1.34
26	7	2015	1.39
26	8	2015	1.48
26	9	2015	1.40
26	10	2015	1.05
26	11	2015	0.89
26	12	2015	0.71
26	1	2016	0.34
26	2	2016	0.46
26	3	2016	0.93
26	4	2016	1.02
26	5	2016	1.09
26	6	2016	1.62
26	7	2016	1.41
26	8	2016	1.37
26	9	2016	1.31
26	10	2016	1.18
26	11	2016	0.97
26	12	2016	0.57
27	1	2013	0.58
27	2	2013	0.55
27	3	2013	0.67
27	4	2013	1.21
27	5	2013	1.23
27	6	2013	1.27
27	7	2013	1.28
27	8	2013	1.33
27	9	2013	1.43
27	10	2013	1.10
27	11	2013	0.92
27	12	2013	0.59
27	1	2014	0.82
27	2	2014	0.87
27	3	2014	0.66
27	4	2014	1.00
27	5	2014	1.18
27	6	2014	1.25
27	7	2014	1.22
27	8	2014	1.32
27	9	2014	1.39
27	10	2014	1.08
27	11	2014	0.89
27	12	2014	0.53
27	1	2015	0.46
27	2	2015	0.36
27	3	2015	0.58
27	4	2015	1.11
27	5	2015	1.45
27	6	2015	1.31
27	7	2015	1.34
27	8	2015	1.41
27	9	2015	1.37
27	10	2015	1.08
27	11	2015	0.96
27	12	2015	0.74
27	1	2016	0.41
27	2	2016	0.53
27	3	2016	0.95
27	4	2016	1.04
27	5	2016	1.08
27	6	2016	1.50
27	7	2016	1.26
27	8	2016	1.31
27	9	2016	1.34
27	10	2016	1.23
27	11	2016	1.01
27	12	2016	0.60
28	1	2013	0.73
28	2	2013	0.70
28	3	2013	0.83
28	4	2013	1.23
28	5	2013	1.10
28	6	2013	1.11
28	7	2013	1.07
28	8	2013	1.16
28	9	2013	1.23
28	10	2013	1.16
28	11	2013	0.95
28	12	2013	0.87
28	1	2014	0.63
28	2	2014	0.67
28	3	2014	0.73
28	4	2014	1.14
28	5	2014	1.19
28	6	2014	1.15
28	7	2014	1.11
28	8	2014	1.22
28	9	2014	1.30
28	10	2014	1.24
28	11	2014	0.96
28	12	2014	0.72
28	1	2015	0.58
28	2	2015	0.56
28	3	2015	0.88
28	4	2015	1.29
28	5	2015	1.34
28	6	2015	1.06
28	7	2015	1.11
28	8	2015	1.17
28	9	2015	1.13
28	10	2015	1.15
28	11	2015	1.00
28	12	2015	0.83
28	1	2016	0.66
28	2	2016	0.77
28	3	2016	1.18
28	4	2016	1.26
28	5	2016	1.14
28	6	2016	1.26
28	7	2016	0.83
28	8	2016	0.84
28	9	2016	1.17
28	10	2016	1.27
28	11	2016	1.06
28	12	2016	0.67
29	1	2012	0.71
29	2	2012	0.88
29	3	2012	1.18
29	4	2012	1.13
29	5	2012	1.11
29	6	2012	1.05
29	7	2012	1.18
29	8	2012	1.27
29	9	2012	1.16
29	10	2012	1.01
29	11	2012	0.68
29	12	2012	0.63
29	1	2013	0.71
29	2	2013	0.63
29	3	2013	0.88
29	4	2013	1.92
29	5	2013	1.93
29	6	2013	1.91
29	7	2013	2.09
29	8	2013	1.32
29	9	2013	0.00
29	10	2013	0.00
29	11	2013	0.00
29	12	2013	0.57
29	1	2014	0.23
29	2	2014	0.34
29	3	2014	0.48
29	4	2014	1.25
29	5	2014	1.49
29	6	2014	1.56
29	7	2014	1.55
29	8	2014	1.47
29	9	2014	1.43
29	10	2014	1.09
29	11	2014	0.66
29	12	2014	0.44
29	1	2015	0.25
29	2	2015	0.23
29	3	2015	0.52
29	4	2015	1.22
29	5	2015	1.57
29	6	2015	1.37
29	7	2015	1.46
29	8	2015	1.56
29	9	2015	1.39
29	10	2015	0.99
29	11	2015	0.81
29	12	2015	0.65
29	1	2016	0.30
29	2	2016	0.41
29	3	2016	0.93
29	4	2016	1.03
29	5	2016	1.10
29	6	2016	1.64
29	7	2016	1.44
29	8	2016	1.40
29	9	2016	1.35
29	10	2016	1.16
29	11	2016	0.93
29	12	2016	0.48
30	1	2012	0.47
30	2	2012	0.56
30	3	2012	1.04
30	4	2012	1.17
30	5	2012	1.38
30	6	2012	1.48
30	7	2012	1.24
30	8	2012	1.23
30	9	2012	1.18
30	10	2012	0.96
30	11	2012	0.67
30	12	2012	0.59
30	1	2014	0.44
30	2	2014	0.69
30	3	2014	0.82
30	4	2014	1.25
30	5	2014	1.28
30	6	2014	1.21
30	7	2014	1.17
30	8	2014	1.25
30	9	2014	1.32
30	10	2014	1.15
30	11	2014	0.76
30	12	2014	0.53
30	1	2015	0.49
30	2	2015	0.50
30	3	2015	0.88
30	4	2015	1.33
30	5	2015	1.36
30	6	2015	0.92
30	7	2015	1.09
30	8	2015	1.32
30	9	2015	1.25
30	10	2015	1.16
30	11	2015	0.93
30	12	2015	0.68
30	1	2016	0.49
30	2	2016	0.72
30	3	2016	1.12
30	4	2016	1.44
30	5	2016	1.08
30	6	2016	1.22
30	7	2016	1.01
30	8	2016	1.01
30	9	2016	1.22
30	10	2016	1.19
30	11	2016	0.99
30	12	2016	0.48
31	1	2013	0.85
31	2	2013	0.90
31	3	2013	1.04
31	4	2013	1.06
31	5	2013	1.07
31	6	2013	1.25
31	7	2013	1.11
31	8	2013	0.88
31	9	2013	1.07
31	10	2013	0.93
31	11	2013	0.96
31	12	2013	0.84
31	1	2014	0.97
31	2	2014	1.04
31	3	2014	1.15
31	4	2014	1.06
31	5	2014	1.02
31	6	2014	0.98
31	7	2014	1.08
31	8	2014	1.01
31	9	2014	0.97
31	10	2014	0.90
31	11	2014	0.95
31	12	2014	0.84
31	1	2016	1.15
31	2	2016	1.42
31	3	2016	1.24
31	4	2016	1.18
31	5	2016	1.04
31	6	2016	0.98
31	7	2016	0.95
31	8	2016	0.80
31	9	2016	0.79
31	10	2016	0.86
31	11	2016	0.92
31	12	2016	0.69
32	1	2013	0.69
32	2	2013	0.88
32	3	2013	0.95
32	4	2013	0.94
32	5	2013	1.00
32	6	2013	1.15
32	7	2013	1.23
32	8	2013	1.16
32	9	2013	1.13
32	10	2013	1.00
32	11	2013	0.88
32	12	2013	0.72
32	1	2014	0.95
32	2	2014	0.96
32	3	2014	1.04
32	4	2014	0.88
32	5	2014	0.74
32	6	2014	0.67
32	7	2014	1.15
32	8	2014	1.24
32	9	2014	1.22
32	10	2014	1.14
32	11	2014	1.01
32	12	2014	0.82
32	1	2015	1.05
32	2	2015	1.08
32	3	2015	1.19
32	4	2015	1.17
32	5	2015	1.06
32	6	2015	1.20
32	7	2015	1.21
32	8	2015	1.33
32	9	2015	0.87
32	10	2015	0.62
32	11	2015	0.73
32	12	2015	0.39
32	1	2016	0.77
32	2	2016	1.12
32	3	2016	0.96
32	4	2016	0.97
32	5	2016	0.93
32	6	2016	1.14
32	7	2016	1.19
32	8	2016	1.13
32	9	2016	1.03
32	10	2016	1.05
32	11	2016	0.90
32	12	2016	0.67
33	1	2013	0.71
33	2	2013	0.75
33	3	2013	0.90
33	4	2013	0.91
33	5	2013	1.01
33	6	2013	1.28
33	7	2013	1.46
33	8	2013	1.44
33	9	2013	1.11
33	10	2013	0.81
33	11	2013	0.73
33	12	2013	0.66
33	1	2014	0.76
33	2	2014	0.82
33	3	2014	0.94
33	4	2014	0.98
33	5	2014	1.00
33	6	2014	1.15
33	7	2014	1.43
33	8	2014	1.31
33	9	2014	0.91
33	10	2014	0.88
33	11	2014	0.86
33	12	2014	0.72
33	1	2015	0.93
33	2	2015	1.13
33	3	2015	1.35
33	4	2015	1.51
33	5	2015	2.07
33	6	2015	2.02
33	7	2015	0.74
33	8	2015	0.00
33	9	2015	0.44
33	10	2015	0.55
33	11	2015	0.57
33	12	2015	0.49
33	1	2016	0.36
33	2	2016	0.49
33	3	2016	0.64
33	4	2016	1.45
33	5	2016	1.40
33	6	2016	2.75
33	7	2016	2.65
33	8	2016	0.59
33	9	2016	0.30
33	10	2016	0.29
33	11	2016	0.36
33	12	2016	0.43
34	1	2013	0.97
34	2	2013	0.96
34	3	2013	1.17
34	4	2013	1.21
34	5	2013	1.20
34	6	2013	1.18
34	7	2013	0.70
34	8	2013	0.67
34	9	2013	0.98
34	10	2013	1.01
34	11	2013	1.02
34	12	2013	0.88
34	1	2014	1.00
34	2	2014	0.91
34	3	2014	1.03
34	4	2014	1.08
34	5	2014	1.02
34	6	2014	1.11
34	7	2014	1.05
34	8	2014	1.01
34	9	2014	0.97
34	10	2014	1.02
34	11	2014	1.02
34	12	2014	0.83
34	1	2015	0.88
34	2	2015	0.94
34	3	2015	1.09
34	4	2015	1.13
34	5	2015	1.02
34	6	2015	1.07
34	7	2015	1.08
34	8	2015	1.05
34	9	2015	1.03
34	10	2015	0.98
34	11	2015	0.92
34	12	2015	0.86
35	1	2013	0.33
35	2	2013	0.68
35	3	2013	1.72
35	4	2013	0.53
35	5	2013	4.26
35	6	2013	1.71
35	7	2013	0.54
35	8	2013	0.63
35	9	2013	0.81
35	10	2013	0.50
35	11	2013	0.24
35	12	2013	0.20
35	1	2014	0.42
35	2	2014	0.97
35	3	2014	1.66
35	4	2014	0.83
35	5	2014	0.77
35	6	2014	1.00
35	7	2014	0.81
35	8	2014	1.50
35	9	2014	1.49
35	10	2014	1.28
35	11	2014	1.11
35	12	2014	0.36
35	1	2015	0.66
35	2	2015	0.56
35	3	2015	1.04
35	4	2015	1.12
35	5	2015	0.45
35	6	2015	0.54
35	7	2015	1.13
35	8	2015	1.40
35	9	2015	2.77
35	10	2015	1.18
35	11	2015	0.56
35	12	2015	0.60
36	1	2015	0.87
36	2	2015	0.92
36	3	2015	1.05
36	4	2015	1.06
36	5	2015	0.87
36	6	2015	1.12
36	7	2015	1.19
36	8	2015	1.34
36	9	2015	1.06
36	10	2015	0.94
36	11	2015	0.75
36	12	2015	0.66
36	1	2016	0.83
36	2	2016	1.22
36	3	2016	1.08
36	4	2016	1.13
36	5	2016	1.10
36	6	2016	1.30
36	7	2016	1.48
36	8	2016	1.57
36	9	2016	1.23
36	10	2016	0.86
36	11	2016	0.00
36	12	2016	0.00
37	1	2015	1.02
37	2	2015	1.14
37	3	2015	1.01
37	4	2015	1.12
37	5	2015	1.00
37	6	2015	1.13
37	7	2015	1.26
37	8	2015	1.17
37	9	2015	0.88
37	10	2015	0.83
37	11	2015	0.70
37	12	2015	0.65
37	1	2016	0.54
37	2	2016	0.61
37	3	2016	0.53
37	4	2016	0.66
37	5	2016	0.59
37	6	2016	0.57
37	7	2016	0.69
37	8	2016	0.65
37	9	2016	0.53
37	10	2016	1.29
37	11	2016	2.97
37	12	2016	2.23
38	1	2014	0.78
38	2	2014	0.77
38	3	2014	0.88
38	4	2014	0.86
38	5	2014	0.90
38	6	2014	1.04
38	7	2014	1.46
38	8	2014	1.29
38	9	2014	1.13
38	10	2014	1.05
38	11	2014	0.82
38	12	2014	0.72
38	1	2015	0.84
38	2	2015	0.84
38	3	2015	0.99
38	4	2015	1.02
38	5	2015	0.83
38	6	2015	1.12
38	7	2015	1.54
38	8	2015	1.25
38	9	2015	1.10
38	10	2015	0.91
38	11	2015	0.73
38	12	2015	0.67
39	1	2013	0.78
39	2	2013	0.80
39	3	2013	0.97
39	4	2013	1.02
39	5	2013	1.15
39	6	2013	1.13
39	7	2013	1.11
39	8	2013	1.14
39	9	2013	1.15
39	10	2013	1.08
39	11	2013	0.93
39	12	2013	0.70
39	1	2014	1.12
39	2	2014	0.86
39	3	2014	0.67
39	4	2014	0.58
39	5	2014	0.92
39	6	2014	1.30
39	7	2014	1.29
39	8	2014	1.20
39	9	2014	1.12
39	10	2014	1.12
39	11	2014	1.12
39	12	2014	0.84
39	1	2015	0.80
39	2	2015	0.87
39	3	2015	1.13
39	4	2015	1.08
39	5	2015	1.08
39	6	2015	1.14
39	7	2015	1.02
39	8	2015	1.10
39	9	2015	1.07
39	10	2015	1.05
39	11	2015	0.87
39	12	2015	0.82
39	1	2016	0.77
39	2	2016	1.05
39	3	2016	1.00
39	4	2016	1.13
39	5	2016	1.19
39	6	2016	1.17
39	7	2016	0.98
39	8	2016	1.04
39	9	2016	0.98
39	10	2016	1.03
39	11	2016	0.96
39	12	2016	0.80
40	1	2015	0.94
40	2	2015	1.02
40	3	2015	0.99
40	4	2015	1.12
40	5	2015	1.10
40	6	2015	1.19
40	7	2015	1.18
40	8	2015	1.26
40	9	2015	1.11
40	10	2015	1.03
40	11	2015	0.72
40	12	2015	0.38
40	1	2016	1.04
40	2	2016	1.52
40	3	2016	1.56
40	4	2016	1.46
40	5	2016	0.70
40	6	2016	0.76
40	7	2016	0.95
40	8	2016	0.98
40	9	2016	0.89
40	10	2016	0.83
40	11	2016	0.73
40	12	2016	0.68
41	1	2015	0.83
41	2	2015	0.91
41	3	2015	1.05
41	4	2015	1.06
41	5	2015	0.87
41	6	2015	1.07
41	7	2015	1.20
41	8	2015	1.22
41	9	2015	1.15
41	10	2015	1.00
41	11	2015	0.78
41	12	2015	0.66
42	1	2015	0.89
42	2	2015	0.99
42	3	2015	1.13
42	4	2015	1.08
42	5	2015	0.93
42	6	2015	1.17
42	7	2015	1.21
42	8	2015	1.17
42	9	2015	1.01
42	10	2015	0.82
42	11	2015	0.77
42	12	2015	0.60
42	1	2016	0.79
42	2	2016	1.16
42	3	2016	1.01
42	4	2016	1.10
42	5	2016	1.00
42	6	2016	1.25
42	7	2016	1.38
42	8	2016	1.33
42	9	2016	1.14
42	10	2016	0.84
42	11	2016	0.02
42	12	2016	0.69
43	1	2015	1.09
43	2	2015	0.97
43	3	2015	1.03
43	4	2015	1.39
43	5	2015	0.93
43	6	2015	1.07
43	7	2015	1.01
43	8	2015	0.85
43	9	2015	1.51
43	10	2015	0.68
43	11	2015	0.71
43	12	2015	0.59
44	1	2013	0.73
44	2	2013	0.89
44	3	2013	0.99
44	4	2013	1.12
44	5	2013	1.06
44	6	2013	1.13
44	7	2013	1.15
44	8	2013	1.12
44	9	2013	1.15
44	10	2013	1.09
44	11	2013	0.89
44	12	2013	0.71
44	1	2014	1.04
44	2	2014	0.80
44	3	2014	1.12
44	4	2014	1.21
44	5	2014	1.11
44	6	2014	1.13
44	7	2014	1.01
44	8	2014	0.99
44	9	2014	1.09
44	10	2014	0.97
44	11	2014	0.91
44	12	2014	0.72
44	1	2016	0.83
44	2	2016	0.97
44	3	2016	1.01
44	4	2016	1.07
44	5	2016	1.05
44	6	2016	1.04
44	7	2016	1.14
44	8	2016	0.91
44	9	2016	0.65
44	10	2016	1.28
44	11	2016	1.23
44	12	2016	1.09
45	1	2013	1.38
45	2	2013	0.99
45	3	2013	1.07
45	4	2013	0.90
45	5	2013	0.86
45	6	2013	0.89
45	7	2013	0.99
45	8	2013	1.02
45	9	2013	1.19
45	10	2013	1.00
45	11	2013	0.94
45	12	2013	0.85
45	1	2014	0.87
45	2	2014	0.76
45	3	2014	2.20
45	4	2014	0.73
45	5	2014	0.51
45	6	2014	0.85
45	7	2014	1.56
45	8	2014	1.33
45	9	2014	0.99
45	10	2014	1.04
45	11	2014	0.78
45	12	2014	0.66
45	1	2016	0.47
45	2	2016	0.31
45	3	2016	0.36
45	4	2016	0.31
45	5	2016	0.25
45	6	2016	0.64
45	7	2016	0.96
45	8	2016	1.39
45	9	2016	1.02
45	10	2016	3.61
45	11	2016	3.16
45	12	2016	0.13
46	1	2013	0.89
46	2	2013	0.99
46	3	2013	1.18
46	4	2013	1.16
46	5	2013	1.34
46	6	2013	1.27
46	7	2013	1.29
46	8	2013	1.54
46	9	2013	1.31
46	10	2013	0.97
46	11	2013	0.00
46	12	2013	0.00
46	1	2014	0.00
46	2	2014	0.00
46	3	2014	0.00
46	4	2014	0.00
46	5	2014	0.00
46	6	2014	0.00
46	7	2014	0.00
46	8	2014	0.00
46	9	2014	0.00
46	10	2014	0.00
46	11	2014	0.00
46	12	2014	11.36
46	1	2015	0.80
46	2	2015	1.01
46	3	2015	1.14
46	4	2015	1.19
46	5	2015	1.05
46	6	2015	1.11
46	7	2015	1.14
46	8	2015	1.06
46	9	2015	1.03
46	10	2015	0.90
46	11	2015	0.87
46	12	2015	0.75
47	1	2013	1.04
47	2	2013	1.33
47	3	2013	1.53
47	4	2013	0.94
47	5	2013	1.16
47	6	2013	1.11
47	7	2013	0.90
47	8	2013	0.97
47	9	2013	0.73
47	10	2013	0.57
47	11	2013	0.73
47	12	2013	0.96
47	1	2014	0.78
47	2	2014	0.83
47	3	2014	0.99
47	4	2014	0.81
47	5	2014	0.77
47	6	2014	0.89
47	7	2014	1.00
47	8	2014	0.92
47	9	2014	0.86
47	10	2014	1.29
47	11	2014	1.30
47	12	2014	1.63
47	1	2015	1.00
47	2	2015	1.16
47	3	2015	1.06
47	4	2015	1.09
47	5	2015	0.99
47	6	2015	0.90
47	7	2015	0.92
47	8	2015	0.77
47	9	2015	0.64
47	10	2015	0.70
47	11	2015	0.75
47	12	2015	2.01
47	1	2016	0.81
47	2	2016	1.11
47	3	2016	1.08
47	4	2016	0.97
47	5	2016	0.84
47	6	2016	0.92
47	7	2016	1.01
47	8	2016	1.14
47	9	2016	1.27
47	10	2016	1.23
47	11	2016	0.91
47	12	2016	0.69
48	1	2014	1.05
48	2	2014	1.04
48	3	2014	1.06
48	4	2014	1.05
48	5	2014	1.16
48	6	2014	1.23
48	7	2014	1.06
48	8	2014	1.05
48	9	2014	0.89
48	10	2014	0.85
48	11	2014	0.87
48	12	2014	0.75
48	1	2015	0.91
48	2	2015	1.01
48	3	2015	0.99
48	4	2015	1.04
48	5	2015	1.17
48	6	2015	1.08
48	7	2015	1.07
48	8	2015	0.94
48	9	2015	0.92
48	10	2015	1.03
48	11	2015	1.02
48	12	2015	0.93
48	1	2016	0.90
48	2	2016	1.02
48	3	2016	1.10
48	4	2016	1.06
48	5	2016	1.16
48	6	2016	1.08
48	7	2016	1.00
48	8	2016	0.93
48	9	2016	1.00
48	10	2016	0.99
48	11	2016	0.92
48	12	2016	0.93
49	1	2013	0.71
49	2	2013	0.90
49	3	2013	1.06
49	4	2013	1.23
49	5	2013	1.22
49	6	2013	1.18
49	7	2013	1.26
49	8	2013	1.21
49	9	2013	1.11
49	10	2013	1.04
49	11	2013	0.92
49	12	2013	0.11
49	1	2014	0.85
49	2	2014	0.90
49	3	2014	1.14
49	4	2014	1.47
49	5	2014	1.44
49	6	2014	1.87
49	7	2014	1.79
49	8	2014	1.71
49	9	2014	0.66
49	10	2014	0.00
49	11	2014	0.00
49	12	2014	0.00
50	1	2014	1.06
50	2	2014	0.99
50	3	2014	0.93
50	4	2014	1.04
50	5	2014	1.16
50	6	2014	1.04
50	7	2014	0.99
50	8	2014	0.95
50	9	2014	0.95
50	10	2014	1.19
50	11	2014	1.11
50	12	2014	0.80
50	1	2015	0.97
50	2	2015	1.07
50	3	2015	0.98
50	4	2015	1.10
50	5	2015	1.01
50	6	2015	1.02
50	7	2015	1.00
50	8	2015	1.05
50	9	2015	1.08
50	10	2015	1.14
50	11	2015	1.03
50	12	2015	0.76
50	1	2016	0.94
50	2	2016	1.11
50	3	2016	0.95
50	4	2016	1.06
50	5	2016	1.11
50	6	2016	1.04
50	7	2016	1.09
50	8	2016	1.02
50	9	2016	1.05
50	10	2016	1.14
50	11	2016	1.01
50	12	2016	0.69
51	1	2014	0.88
51	2	2014	0.81
51	3	2014	0.88
51	4	2014	1.01
51	5	2014	1.17
51	6	2014	1.18
51	7	2014	1.15
51	8	2014	1.13
51	9	2014	1.20
51	10	2014	1.10
51	11	2014	0.88
51	12	2014	0.63
51	1	2015	0.84
51	2	2015	0.94
51	3	2015	1.13
51	4	2015	1.19
51	5	2015	1.13
51	6	2015	1.23
51	7	2015	1.23
51	8	2015	1.22
51	9	2015	1.14
51	10	2015	0.83
51	11	2015	0.60
51	12	2015	0.59
51	1	2016	1.50
51	2	2016	2.55
51	3	2016	2.34
51	4	2016	2.70
51	5	2016	2.94
51	6	2016	0.00
51	7	2016	0.00
51	8	2016	0.00
51	9	2016	0.00
51	10	2016	0.00
51	11	2016	0.00
51	12	2016	0.00
52	1	2013	0.70
52	2	2013	0.80
52	3	2013	0.90
52	4	2013	0.95
52	5	2013	1.02
52	6	2013	1.21
52	7	2013	1.42
52	8	2013	1.24
52	9	2013	1.13
52	10	2013	0.93
52	11	2013	0.88
52	12	2013	0.63
52	1	2014	0.94
52	2	2014	0.86
52	3	2014	0.96
52	4	2014	0.88
52	5	2014	1.03
52	6	2014	1.13
52	7	2014	1.26
52	8	2014	1.18
52	9	2014	1.07
52	10	2014	1.03
52	11	2014	0.87
52	12	2014	0.61
52	1	2015	0.82
52	2	2015	0.89
52	3	2015	1.02
52	4	2015	1.04
52	5	2015	0.97
52	6	2015	1.11
52	7	2015	1.23
52	8	2015	1.25
52	9	2015	1.04
52	10	2015	0.93
52	11	2015	0.85
52	12	2015	0.72
52	1	2016	1.79
52	2	2016	2.27
52	3	2016	2.25
52	4	2016	2.27
52	5	2016	2.26
52	6	2016	1.08
52	7	2016	0.00
52	8	2016	0.00
52	9	2016	0.00
52	10	2016	0.00
52	11	2016	0.00
52	12	2016	0.00
53	1	2013	1.33
53	2	2013	1.55
53	3	2013	1.68
53	4	2013	1.52
53	5	2013	1.76
53	6	2013	1.81
53	7	2013	1.82
53	8	2013	0.54
53	9	2013	0.00
53	10	2013	0.00
53	11	2013	0.00
53	12	2013	0.00
53	1	2014	0.00
53	2	2014	0.00
53	3	2014	0.00
53	4	2014	0.00
53	5	2014	0.00
53	6	2014	0.00
53	7	2014	0.00
53	8	2014	0.00
53	9	2014	1.84
53	10	2014	4.13
53	11	2014	3.67
53	12	2014	2.84
53	1	2015	0.95
53	2	2015	1.04
53	3	2015	1.09
53	4	2015	1.14
53	5	2015	1.09
53	6	2015	1.11
53	7	2015	1.07
53	8	2015	1.07
53	9	2015	1.02
53	10	2015	0.94
53	11	2015	0.86
53	12	2015	0.72
53	1	2016	0.92
53	2	2016	1.14
53	3	2016	1.17
53	4	2016	1.10
53	5	2016	1.11
53	6	2016	1.12
53	7	2016	1.21
53	8	2016	1.22
53	9	2016	1.22
53	10	2016	1.26
53	11	2016	0.27
53	12	2016	0.24
54	1	2016	1.48
54	2	2016	1.98
54	3	2016	2.06
54	4	2016	2.14
54	5	2016	2.07
54	6	2016	2.21
54	7	2016	0.00
54	8	2016	0.00
54	9	2016	0.00
54	10	2016	0.00
54	11	2016	0.00
54	12	2016	0.00
55	1	2016	0.43
55	2	2016	0.61
55	3	2016	0.55
55	4	2016	0.60
55	5	2016	0.70
55	6	2016	0.73
55	7	2016	2.75
55	8	2016	0.86
55	9	2016	0.75
55	10	2016	1.07
55	11	2016	1.43
55	12	2016	1.25
56	1	2013	1.32
56	2	2013	1.42
56	3	2013	0.82
56	4	2013	1.29
56	5	2013	1.04
56	6	2013	1.22
56	7	2013	1.63
56	8	2013	0.82
56	9	2013	0.74
56	10	2013	0.57
56	11	2013	0.64
56	12	2013	0.50
56	1	2014	1.02
56	2	2014	1.34
56	3	2014	2.12
56	4	2014	2.82
56	5	2014	1.03
56	6	2014	0.85
56	7	2014	1.06
56	8	2014	0.46
56	9	2014	0.41
56	10	2014	0.33
56	11	2014	0.34
56	12	2014	0.29
57	1	2013	0.67
57	2	2013	0.81
57	3	2013	0.92
57	4	2013	0.97
57	5	2013	0.96
57	6	2013	1.22
57	7	2013	1.25
57	8	2013	1.43
57	9	2013	1.09
57	10	2013	0.94
57	11	2013	0.84
57	12	2013	0.64
57	1	2014	0.96
57	2	2014	0.82
57	3	2014	0.73
57	4	2014	1.02
57	5	2014	1.03
57	6	2014	1.17
57	7	2014	1.18
57	8	2014	1.37
57	9	2014	1.02
57	10	2014	0.98
57	11	2014	0.85
57	12	2014	0.69
57	1	2015	0.89
57	2	2015	0.97
57	3	2015	1.04
57	4	2015	1.04
57	5	2015	0.96
57	6	2015	1.16
57	7	2015	1.21
57	8	2015	1.17
57	9	2015	1.08
57	10	2015	0.94
57	11	2015	0.81
57	12	2015	0.70
58	1	2013	0.80
58	2	2013	0.81
58	3	2013	1.03
58	4	2013	1.12
58	5	2013	1.08
58	6	2013	1.27
58	7	2013	1.25
58	8	2013	1.38
58	9	2013	1.01
58	10	2013	0.91
58	11	2013	0.68
58	12	2013	0.56
58	1	2014	0.68
58	2	2014	0.75
58	3	2014	2.44
58	4	2014	0.93
58	5	2014	0.88
58	6	2014	1.01
58	7	2014	1.02
58	8	2014	1.12
58	9	2014	1.02
58	10	2014	0.79
58	11	2014	0.63
58	12	2014	0.71
58	1	2015	1.23
58	2	2015	0.83
58	3	2015	0.83
58	4	2015	0.94
58	5	2015	0.91
58	6	2015	0.99
58	7	2015	1.93
58	8	2015	0.93
58	9	2015	0.75
58	10	2015	0.89
58	11	2015	1.00
58	12	2015	0.58
59	1	2013	0.73
59	2	2013	0.86
59	3	2013	1.06
59	4	2013	1.06
59	5	2013	1.16
59	6	2013	1.14
59	7	2013	1.08
59	8	2013	1.12
59	9	2013	1.00
59	10	2013	0.85
59	11	2013	0.99
59	12	2013	0.89
59	1	2014	0.93
59	2	2014	0.89
59	3	2014	1.02
59	4	2014	1.05
59	5	2014	1.23
59	6	2014	1.01
59	7	2014	0.97
59	8	2014	1.00
59	9	2014	0.93
59	10	2014	1.06
59	11	2014	1.11
59	12	2014	0.81
59	1	2015	0.93
59	2	2015	1.10
59	3	2015	1.13
59	4	2015	1.22
59	5	2015	1.11
59	6	2015	1.06
59	7	2015	1.04
59	8	2015	1.01
59	9	2015	0.97
59	10	2015	0.90
59	11	2015	0.88
59	12	2015	0.70
59	1	2016	0.84
59	2	2016	1.02
59	3	2016	1.24
59	4	2016	1.37
59	5	2016	1.48
59	6	2016	1.23
59	7	2016	1.09
59	8	2016	1.11
59	9	2016	0.77
59	10	2016	0.69
59	11	2016	0.64
59	12	2016	0.56
60	1	2013	1.24
60	2	2013	1.36
60	3	2013	1.61
60	4	2013	1.67
60	5	2013	1.86
60	6	2013	1.97
60	7	2013	2.04
60	8	2013	0.11
60	9	2013	0.00
60	10	2013	0.00
60	11	2013	0.00
60	12	2013	0.00
60	1	2014	1.69
60	2	2014	1.60
60	3	2014	1.06
60	4	2014	0.62
60	5	2014	0.68
60	6	2014	0.76
60	7	2014	0.68
60	8	2014	0.63
60	9	2014	1.60
60	10	2014	1.05
60	11	2014	0.96
60	12	2014	0.72
61	1	2014	1.36
61	2	2014	0.83
61	3	2014	0.93
61	4	2014	0.92
61	5	2014	1.02
61	6	2014	1.14
61	7	2014	1.01
61	8	2014	0.99
61	9	2014	1.18
61	10	2014	1.04
61	11	2014	0.98
61	12	2014	0.71
61	1	2015	0.82
61	2	2015	0.80
61	3	2015	0.91
61	4	2015	0.84
61	5	2015	0.89
61	6	2015	0.94
61	7	2015	1.23
61	8	2015	2.06
61	9	2015	0.96
61	10	2015	0.94
61	11	2015	0.80
61	12	2015	0.98
61	1	2016	4.67
61	2	2016	4.44
61	3	2016	2.40
61	4	2016	0.00
61	5	2016	0.00
61	6	2016	0.00
61	7	2016	0.00
61	8	2016	0.00
61	9	2016	0.00
61	10	2016	0.00
61	11	2016	0.00
61	12	2016	0.00
62	1	2014	0.92
62	2	2014	1.02
62	3	2014	1.04
62	4	2014	1.02
62	5	2014	1.01
62	6	2014	1.04
62	7	2014	1.17
62	8	2014	1.10
62	9	2014	0.98
62	10	2014	1.02
62	11	2014	0.94
62	12	2014	0.67
62	1	2015	0.75
62	2	2015	0.91
62	3	2015	1.10
62	4	2015	1.09
62	5	2015	1.03
62	6	2015	1.02
62	7	2015	1.23
62	8	2015	1.19
62	9	2015	0.99
62	10	2015	0.89
62	11	2015	0.92
62	12	2015	0.83
62	1	2016	0.83
62	2	2016	1.02
62	3	2016	0.97
62	4	2016	1.04
62	5	2016	1.10
62	6	2016	1.09
62	7	2016	1.11
62	8	2016	0.97
62	9	2016	1.04
62	10	2016	1.04
62	11	2016	0.90
62	12	2016	0.83
63	1	2013	0.00
63	2	2013	0.00
63	3	2013	0.00
63	4	2013	0.00
63	5	2013	0.00
63	6	2013	0.00
63	7	2013	0.00
63	8	2013	0.00
63	9	2013	0.00
63	10	2013	0.00
63	11	2013	3.09
63	12	2013	7.16
63	1	2014	0.41
63	2	2014	0.74
63	3	2014	0.96
63	4	2014	0.95
63	5	2014	1.06
63	6	2014	1.16
63	7	2014	1.26
63	8	2014	1.16
63	9	2014	1.17
63	10	2014	1.13
63	11	2014	1.04
63	12	2014	0.81
63	1	2015	0.88
63	2	2015	0.90
63	3	2015	0.99
63	4	2015	1.01
63	5	2015	0.95
63	6	2015	1.08
63	7	2015	1.10
63	8	2015	1.20
63	9	2015	1.08
63	10	2015	1.04
63	11	2015	0.88
63	12	2015	0.78
63	1	2016	6.45
63	2	2016	2.58
63	3	2016	0.00
63	4	2016	0.00
63	5	2016	0.00
63	6	2016	0.00
63	7	2016	0.00
63	8	2016	0.00
63	9	2016	0.00
63	10	2016	0.00
63	11	2016	0.00
63	12	2016	1.89
64	1	2013	0.75
64	2	2013	0.81
64	3	2013	0.96
64	4	2013	1.06
64	5	2013	1.09
64	6	2013	1.17
64	7	2013	1.15
64	8	2013	1.11
64	9	2013	1.14
64	10	2013	1.07
64	11	2013	0.94
64	12	2013	0.82
64	1	2014	0.94
64	2	2014	0.96
64	3	2014	0.99
64	4	2014	0.94
64	5	2014	0.97
64	6	2014	0.95
64	7	2014	1.05
64	8	2014	1.15
64	9	2014	1.18
64	10	2014	1.16
64	11	2014	1.04
64	12	2014	0.84
64	1	2015	1.01
64	2	2015	1.02
64	3	2015	0.97
64	4	2015	0.97
64	5	2015	0.98
64	6	2015	1.02
64	7	2015	1.10
64	8	2015	1.13
64	9	2015	1.01
64	10	2015	1.10
64	11	2015	0.95
64	12	2015	0.87
64	1	2016	1.37
64	2	2016	1.66
64	3	2016	1.65
64	4	2016	1.49
64	5	2016	1.25
64	6	2016	1.59
64	7	2016	0.68
64	8	2016	0.55
64	9	2016	0.55
64	10	2016	0.46
64	11	2016	0.43
64	12	2016	0.45
65	1	2016	0.79
65	2	2016	1.01
65	3	2016	0.98
65	4	2016	1.02
65	5	2016	1.04
65	6	2016	1.08
65	7	2016	1.13
65	8	2016	1.21
65	9	2016	1.03
65	10	2016	0.97
65	11	2016	0.86
65	12	2016	0.70
66	1	2013	0.70
66	2	2013	0.75
66	3	2013	0.95
66	4	2013	1.06
66	5	2013	1.01
66	6	2013	1.32
66	7	2013	1.28
66	8	2013	1.21
66	9	2013	1.09
66	10	2013	0.89
66	11	2013	0.80
66	12	2013	0.65
66	1	2014	1.00
66	2	2014	0.51
66	3	2014	0.86
66	4	2014	1.16
66	5	2014	1.05
66	6	2014	1.24
66	7	2014	1.21
66	8	2014	1.24
66	9	2014	0.90
66	10	2014	1.06
66	11	2014	0.85
66	12	2014	0.75
66	1	2015	0.86
66	2	2015	0.90
66	3	2015	1.03
66	4	2015	1.17
66	5	2015	0.99
66	6	2015	1.13
66	7	2015	1.22
66	8	2015	1.23
66	9	2015	1.02
66	10	2015	0.92
66	11	2015	0.80
66	12	2015	0.62
67	1	2013	0.93
67	2	2013	0.59
67	3	2013	0.61
67	4	2013	0.50
67	5	2013	0.55
67	6	2013	0.50
67	7	2013	0.50
67	8	2013	0.54
67	9	2013	0.54
67	10	2013	0.55
67	11	2013	0.50
67	12	2013	0.50
67	1	2014	1.45
67	2	2014	1.90
67	3	2014	1.50
67	4	2014	0.92
67	5	2014	0.47
67	6	2014	0.08
67	7	2014	0.04
67	8	2014	0.29
67	9	2014	0.73
67	10	2014	1.17
67	11	2014	1.04
67	12	2014	2.14
67	1	2015	2.61
67	2	2015	2.06
67	3	2015	1.21
67	4	2015	1.08
67	5	2015	0.85
67	6	2015	0.67
67	7	2015	0.71
67	8	2015	0.58
67	9	2015	0.45
67	10	2015	0.55
67	11	2015	0.67
67	12	2015	0.41
68	1	2014	0.96
68	2	2014	0.89
68	3	2014	0.90
68	4	2014	0.97
68	5	2014	1.08
68	6	2014	1.07
68	7	2014	1.21
68	8	2014	1.10
68	9	2014	1.14
68	10	2014	0.97
68	11	2014	0.92
68	12	2014	0.70
68	1	2015	0.91
68	2	2015	1.04
68	3	2015	1.06
68	4	2015	1.10
68	5	2015	0.97
68	6	2015	1.05
68	7	2015	1.05
68	8	2015	1.14
68	9	2015	1.15
68	10	2015	0.89
68	11	2015	0.86
68	12	2015	0.74
68	1	2016	1.16
68	2	2016	1.57
68	3	2016	1.49
68	4	2016	1.44
68	5	2016	1.46
68	6	2016	1.62
68	7	2016	1.72
68	8	2016	1.48
68	9	2016	0.00
68	10	2016	0.00
68	11	2016	0.00
68	12	2016	0.00
69	1	2013	0.00
69	2	2013	0.00
69	3	2013	0.00
69	4	2013	0.00
69	5	2013	0.00
69	6	2013	0.00
69	7	2013	0.00
69	8	2013	0.00
69	9	2013	0.00
69	10	2013	0.00
69	11	2013	5.54
69	12	2013	4.87
70	1	2013	0.00
70	2	2013	0.00
70	3	2013	0.01
70	4	2013	0.00
70	5	2013	0.00
70	6	2013	0.00
70	7	2013	0.00
70	8	2013	0.00
70	9	2013	0.00
70	10	2013	0.00
70	11	2013	8.16
70	12	2013	4.59
71	1	2015	0.76
71	2	2015	0.87
71	3	2015	1.05
71	4	2015	1.05
71	5	2015	0.82
71	6	2015	1.16
71	7	2015	1.52
71	8	2015	1.33
71	9	2015	1.04
71	10	2015	0.81
71	11	2015	0.68
71	12	2015	0.57
71	1	2016	0.62
71	2	2016	0.97
71	3	2016	1.18
71	4	2016	0.92
71	5	2016	0.86
71	6	2016	1.20
71	7	2016	1.66
71	8	2016	1.37
71	9	2016	1.04
71	10	2016	0.95
71	11	2016	0.82
71	12	2016	0.14
72	1	2013	0.70
72	2	2013	0.98
72	3	2013	0.84
72	4	2013	0.78
72	5	2013	0.81
72	6	2013	0.92
72	7	2013	1.21
72	8	2013	1.07
72	9	2013	0.90
72	10	2013	1.14
72	11	2013	1.13
72	12	2013	0.89
72	1	2015	1.06
72	2	2015	1.55
72	3	2015	0.95
72	4	2015	1.14
72	5	2015	0.94
72	6	2015	1.11
72	7	2015	1.43
72	8	2015	1.01
72	9	2015	0.74
72	10	2015	0.79
72	11	2015	0.60
72	12	2015	0.53
72	1	2016	0.63
72	2	2016	0.96
72	3	2016	0.87
72	4	2016	0.87
72	5	2016	0.83
72	6	2016	0.95
72	7	2016	1.23
72	8	2016	1.06
72	9	2016	0.83
72	10	2016	0.85
72	11	2016	0.80
72	12	2016	1.51
73	1	2013	1.34
73	2	2013	1.36
73	3	2013	1.37
73	4	2013	1.28
73	5	2013	1.03
73	6	2013	0.86
73	7	2013	1.01
73	8	2013	0.74
73	9	2013	0.61
73	10	2013	0.71
73	11	2013	0.75
73	12	2013	0.77
73	1	2014	0.92
73	2	2014	0.81
73	3	2014	1.20
73	4	2014	1.12
73	5	2014	1.07
73	6	2014	0.99
73	7	2014	1.05
73	8	2014	0.95
73	9	2014	0.88
73	10	2014	0.95
73	11	2014	1.07
73	12	2014	0.97
73	1	2015	0.20
73	2	2015	0.23
73	3	2015	0.14
73	4	2015	0.07
73	5	2015	0.77
73	6	2015	1.13
73	7	2015	1.51
73	8	2015	1.82
73	9	2015	1.47
73	10	2015	1.38
73	11	2015	1.97
73	12	2015	1.28
73	1	2016	1.42
73	2	2016	1.49
73	3	2016	1.32
73	4	2016	1.12
73	5	2016	1.07
73	6	2016	0.90
73	7	2016	0.90
73	8	2016	0.64
73	9	2016	0.67
73	10	2016	0.62
73	11	2016	0.78
73	12	2016	0.78
74	1	2013	0.81
74	2	2013	0.87
74	3	2013	0.97
74	4	2013	1.06
74	5	2013	1.09
74	6	2013	1.16
74	7	2013	1.18
74	8	2013	1.15
74	9	2013	1.06
74	10	2013	1.01
74	11	2013	0.90
74	12	2013	0.75
74	1	2014	1.04
74	2	2014	1.01
74	3	2014	1.06
74	4	2014	1.15
74	5	2014	1.22
74	6	2014	1.28
74	7	2014	1.26
74	8	2014	0.09
74	9	2014	0.85
74	10	2014	1.15
74	11	2014	1.21
74	12	2014	0.82
74	1	2015	0.91
74	2	2015	0.96
74	3	2015	1.06
74	4	2015	1.12
74	5	2015	1.00
74	6	2015	1.09
74	7	2015	1.12
74	8	2015	1.15
74	9	2015	1.03
74	10	2015	0.99
74	11	2015	0.91
74	12	2015	0.78
74	1	2016	0.87
74	2	2016	1.10
74	3	2016	1.03
74	4	2016	1.05
74	5	2016	1.09
74	6	2016	1.12
74	7	2016	1.17
74	8	2016	1.10
74	9	2016	0.98
74	10	2016	0.94
74	11	2016	0.87
74	12	2016	0.72
75	1	2013	0.74
75	2	2013	0.83
75	3	2013	0.92
75	4	2013	0.94
75	5	2013	0.96
75	6	2013	1.09
75	7	2013	1.29
75	8	2013	1.30
75	9	2013	1.09
75	10	2013	0.93
75	11	2013	0.92
75	12	2013	0.70
75	1	2014	0.96
75	2	2014	0.88
75	3	2014	0.97
75	4	2014	0.95
75	5	2014	1.07
75	6	2014	1.07
75	7	2014	1.18
75	8	2014	1.17
75	9	2014	1.00
75	10	2014	0.97
75	11	2014	0.89
75	12	2014	0.66
75	1	2015	0.92
75	2	2015	0.74
75	3	2015	1.10
75	4	2015	1.07
75	5	2015	0.95
75	6	2015	1.17
75	7	2015	1.35
75	8	2015	1.28
75	9	2015	1.12
75	10	2015	1.03
75	11	2015	0.92
75	12	2015	0.35
76	1	2013	11.92
76	2	2013	0.02
76	3	2013	0.02
76	4	2013	0.02
76	5	2013	0.04
76	6	2013	0.03
76	7	2013	0.03
76	8	2013	0.02
76	9	2013	0.02
76	10	2013	0.02
76	11	2013	0.02
76	12	2013	0.01
76	1	2014	0.99
76	2	2014	1.10
76	3	2014	1.07
76	4	2014	1.11
76	5	2014	1.11
76	6	2014	1.15
76	7	2014	0.99
76	8	2014	0.99
76	9	2014	0.80
76	10	2014	0.93
76	11	2014	0.97
76	12	2014	0.78
76	1	2015	1.85
76	2	2015	1.81
76	3	2015	1.03
76	4	2015	0.94
76	5	2015	1.21
76	6	2015	0.96
76	7	2015	0.85
76	8	2015	0.76
76	9	2015	0.51
76	10	2015	0.57
76	11	2015	0.94
76	12	2015	0.57
77	1	2012	0.49
77	2	2012	0.52
77	3	2012	0.88
77	4	2012	1.19
77	5	2012	1.03
77	6	2012	1.05
77	7	2012	1.04
77	8	2012	1.27
77	9	2012	1.74
77	10	2012	1.29
77	11	2012	1.17
77	12	2012	0.76
77	1	2014	0.56
77	2	2014	0.64
77	3	2014	0.97
77	4	2014	1.34
77	5	2014	1.23
77	6	2014	1.51
77	7	2014	1.26
77	8	2014	0.85
77	9	2014	1.00
77	10	2014	1.54
77	11	2014	0.94
77	12	2014	0.58
77	1	2015	0.25
77	2	2015	0.56
77	3	2015	0.80
77	4	2015	1.03
77	5	2015	0.78
77	6	2015	1.13
77	7	2015	1.09
77	8	2015	1.47
77	9	2015	2.05
77	10	2015	1.58
77	11	2015	1.06
77	12	2015	0.60
77	1	2016	0.66
77	2	2016	0.75
77	3	2016	0.74
77	4	2016	0.98
77	5	2016	0.88
77	6	2016	1.10
77	7	2016	1.10
77	8	2016	1.30
77	9	2016	1.71
77	10	2016	1.45
77	11	2016	1.18
77	12	2016	0.44
78	1	2016	0.71
78	2	2016	0.80
78	3	2016	0.80
78	4	2016	1.14
78	5	2016	1.27
78	6	2016	1.55
78	7	2016	1.19
78	8	2016	1.26
78	9	2016	1.23
78	10	2016	1.07
78	11	2016	0.78
78	12	2016	0.27
79	1	2016	0.64
79	2	2016	0.73
79	3	2016	0.72
79	4	2016	1.00
79	5	2016	0.91
79	6	2016	0.88
79	7	2016	1.23
79	8	2016	1.41
79	9	2016	1.67
79	10	2016	1.40
79	11	2016	1.16
79	12	2016	0.53
81	1	2011	0.35
81	2	2011	0.41
81	3	2011	0.72
81	4	2011	1.00
81	5	2011	1.17
81	6	2011	1.56
81	7	2011	0.81
81	8	2011	1.67
81	9	2011	1.78
81	10	2011	1.36
81	11	2011	0.88
81	12	2011	0.38
81	1	2012	0.48
81	2	2012	0.40
81	3	2012	0.88
81	4	2012	1.17
81	5	2012	1.21
81	6	2012	1.41
81	7	2012	1.38
81	8	2012	1.59
81	9	2012	1.40
81	10	2012	0.90
81	11	2012	0.82
81	12	2012	0.56
81	1	2013	0.57
81	2	2013	0.54
81	3	2013	0.68
81	4	2013	0.85
81	5	2013	1.30
81	6	2013	1.66
81	7	2013	1.61
81	8	2013	1.63
81	9	2013	1.09
81	10	2013	0.99
81	11	2013	0.82
81	12	2013	0.36
81	1	2014	0.49
81	2	2014	0.47
81	3	2014	0.80
81	4	2014	1.17
81	5	2014	0.70
81	6	2014	0.90
81	7	2014	0.82
81	8	2014	1.68
81	9	2014	2.00
81	10	2014	1.67
81	11	2014	0.79
81	12	2014	0.76
81	1	2015	0.45
81	2	2015	0.50
81	3	2015	0.80
81	4	2015	0.99
81	5	2015	0.86
81	6	2015	1.52
81	7	2015	1.42
81	8	2015	1.54
81	9	2015	1.63
81	10	2015	1.23
81	11	2015	0.82
81	12	2015	0.45
81	1	2016	0.50
81	2	2016	0.58
81	3	2016	0.64
81	4	2016	0.91
81	5	2016	1.09
81	6	2016	1.46
81	7	2016	1.42
81	8	2016	1.42
81	9	2016	1.55
81	10	2016	1.23
81	11	2016	0.99
81	12	2016	0.35
82	1	2004	0.49
82	2	2004	0.47
82	3	2004	0.81
82	4	2004	0.87
82	5	2004	1.30
82	6	2004	1.43
82	7	2004	1.65
82	8	2004	1.56
82	9	2004	1.34
82	10	2004	1.05
82	11	2004	0.68
82	12	2004	0.43
82	1	2007	0.19
82	2	2007	0.37
82	3	2007	0.90
82	4	2007	0.95
82	5	2007	1.38
82	6	2007	1.70
82	7	2007	1.70
82	8	2007	1.61
82	9	2007	1.26
82	10	2007	1.00
82	11	2007	0.78
82	12	2007	0.27
82	1	2008	0.34
82	2	2008	0.45
82	3	2008	0.64
82	4	2008	0.96
82	5	2008	1.13
82	6	2008	1.80
82	7	2008	1.83
82	8	2008	1.59
82	9	2008	1.21
82	10	2008	1.04
82	11	2008	0.82
82	12	2008	0.30
83	1	2004	0.51
83	2	2004	0.48
83	3	2004	0.81
83	4	2004	0.92
83	5	2004	1.34
83	6	2004	1.43
83	7	2004	1.60
83	8	2004	1.53
83	9	2004	1.33
83	10	2004	1.02
83	11	2004	0.67
83	12	2004	0.44
83	1	2007	0.18
83	2	2007	0.40
83	3	2007	0.96
83	4	2007	0.98
83	5	2007	1.41
83	6	2007	1.72
83	7	2007	1.65
83	8	2007	1.53
83	9	2007	1.24
83	10	2007	0.97
83	11	2007	0.75
83	12	2007	0.26
83	1	2008	0.34
83	2	2008	0.48
83	3	2008	0.65
83	4	2008	1.01
83	5	2008	1.16
83	6	2008	1.83
83	7	2008	1.75
83	8	2008	1.58
83	9	2008	1.14
83	10	2008	1.03
83	11	2008	0.81
83	12	2008	0.33
84	1	2004	0.45
84	2	2004	0.45
84	3	2004	0.77
84	4	2004	0.87
84	5	2004	1.34
84	6	2004	1.46
84	7	2004	1.70
84	8	2004	1.59
84	9	2004	1.36
84	10	2004	1.03
84	11	2004	0.66
84	12	2004	0.39
84	1	2007	0.18
84	2	2007	0.38
84	3	2007	0.88
84	4	2007	0.93
84	5	2007	1.37
84	6	2007	1.73
84	7	2007	1.67
84	8	2007	1.58
84	9	2007	1.29
84	10	2007	1.02
84	11	2007	0.78
84	12	2007	0.25
84	1	2008	0.30
84	2	2008	0.43
84	3	2008	0.60
84	4	2008	0.94
84	5	2008	1.13
84	6	2008	1.87
84	7	2008	1.88
84	8	2008	1.62
84	9	2008	1.21
84	10	2008	1.03
84	11	2008	0.80
84	12	2008	0.28
85	1	2004	0.46
85	2	2004	0.53
85	3	2004	0.71
85	4	2004	0.93
85	5	2004	1.30
85	6	2004	1.48
85	7	2004	1.57
85	8	2004	1.54
85	9	2004	1.39
85	10	2004	1.11
85	11	2004	0.77
85	12	2004	0.42
85	1	2007	0.32
85	2	2007	0.77
85	3	2007	1.00
85	4	2007	0.69
85	5	2007	1.02
85	6	2007	1.36
85	7	2007	1.31
85	8	2007	1.31
85	9	2007	1.57
85	10	2007	1.38
85	11	2007	1.04
85	12	2007	0.45
85	1	2008	0.34
85	2	2008	0.47
85	3	2008	0.60
85	4	2008	0.90
85	5	2008	1.04
85	6	2008	1.79
85	7	2008	1.69
85	8	2008	1.54
85	9	2008	1.30
85	10	2008	1.20
85	11	2008	0.99
85	12	2008	0.44
86	1	2003	0.77
86	2	2003	0.57
86	3	2003	0.62
86	4	2003	0.97
86	5	2003	1.28
86	6	2003	2.03
86	7	2003	1.29
86	8	2003	1.29
86	9	2003	1.22
86	10	2003	1.00
86	11	2003	0.65
86	12	2003	0.49
86	1	2004	0.60
86	2	2004	0.60
86	3	2004	0.65
86	4	2004	0.84
86	5	2004	1.19
86	6	2004	1.37
86	7	2004	1.43
86	8	2004	1.42
86	9	2004	1.34
86	10	2004	1.25
86	11	2004	0.87
86	12	2004	0.62
86	1	2007	0.22
86	2	2007	0.36
86	3	2007	0.69
86	4	2007	0.85
86	5	2007	1.07
86	6	2007	1.35
86	7	2007	1.84
86	8	2007	1.67
86	9	2007	1.38
86	10	2007	1.09
86	11	2007	1.14
86	12	2007	0.52
86	1	2010	0.56
86	2	2010	0.48
86	3	2010	0.72
86	4	2010	0.85
86	5	2010	1.04
86	6	2010	1.52
86	7	2010	1.44
86	8	2010	1.51
86	9	2010	1.38
86	10	2010	1.15
86	11	2010	0.88
86	12	2010	0.64
90	1	2010	0.73
90	2	2010	0.45
90	3	2010	0.74
90	4	2010	0.88
90	5	2010	0.90
90	6	2010	1.58
90	7	2010	1.52
90	8	2010	1.58
90	9	2010	1.24
90	10	2010	1.09
90	11	2010	0.91
91	1	2010	0.61
91	2	2010	0.40
91	3	2010	0.73
91	4	2010	0.87
91	5	2010	0.93
91	6	2010	1.68
91	7	2010	1.60
91	8	2010	1.57
91	9	2010	1.36
91	10	2010	1.06
91	11	2010	0.88
92	1	2011	0.42
92	2	2011	0.47
92	3	2011	0.75
92	4	2011	1.01
92	5	2011	1.14
92	6	2011	1.71
92	7	2011	1.53
92	8	2011	1.71
92	10	2011	0.80
92	11	2011	0.81
92	12	2011	0.31
92	1	2012	0.48
92	2	2012	0.37
92	3	2012	0.90
92	4	2012	1.16
92	5	2012	1.23
92	6	2012	1.35
92	7	2012	1.29
92	8	2012	1.57
92	9	2012	1.40
92	10	2012	0.98
92	11	2012	0.85
92	12	2012	0.62
93	1	2008	0.24
93	2	2008	3.24
93	3	2008	0.42
93	4	2008	0.70
93	5	2008	0.82
93	6	2008	1.32
93	7	2008	1.16
93	8	2008	1.20
93	9	2008	1.12
93	10	2008	0.89
93	11	2008	0.75
96	1	2008	0.10
96	2	2008	5.40
96	3	2008	0.36
96	4	2008	0.63
96	5	2008	0.68
96	6	2008	0.88
96	7	2008	0.79
96	8	2008	0.88
96	9	2008	0.83
96	10	2008	0.73
96	11	2008	0.63
98	1	2007	0.61
98	2	2007	0.35
98	3	2007	0.21
98	4	2007	0.42
98	5	2007	0.80
98	6	2007	0.94
98	7	2007	1.42
98	8	2007	1.59
98	9	2007	1.52
98	10	2007	1.47
98	11	2007	1.54
98	12	2007	1.20
98	1	2008	0.67
98	2	2008	0.21
98	3	2008	0.49
98	4	2008	0.55
98	5	2008	0.54
98	6	2008	0.91
98	7	2008	1.25
98	8	2008	1.63
98	9	2008	1.63
98	10	2008	1.52
98	11	2008	1.49
98	12	2008	1.12
99	1	2007	0.64
99	2	2007	0.36
99	3	2007	0.19
99	4	2007	0.44
99	5	2007	0.86
99	6	2007	0.98
99	7	2007	1.34
99	8	2007	1.63
99	9	2007	1.55
99	10	2007	1.46
99	11	2007	1.47
99	12	2007	1.14
99	1	2008	0.68
99	2	2008	0.19
99	3	2008	0.20
99	4	2008	0.47
99	5	2008	0.59
99	6	2008	0.98
99	7	2008	1.29
99	8	2008	1.66
99	9	2008	1.66
99	10	2008	1.57
99	11	2008	1.55
99	12	2008	1.14
100	1	2007	0.18
100	2	2007	0.37
100	3	2007	0.83
100	4	2007	0.90
100	5	2007	1.34
100	6	2007	1.71
100	7	2007	1.68
100	8	2007	1.63
100	9	2007	1.35
100	10	2007	1.05
100	11	2007	0.78
100	12	2007	0.26
100	1	2008	0.29
100	2	2008	0.43
100	3	2008	0.60
100	4	2008	0.94
100	5	2008	1.14
100	6	2008	1.82
100	7	2008	1.86
100	8	2008	1.65
100	9	2008	1.23
100	10	2008	1.05
100	11	2008	0.82
100	12	2008	0.28
101	1	2002	0.54
101	2	2002	0.63
101	3	2002	0.71
101	4	2002	1.40
101	5	2002	1.38
101	6	2002	1.66
101	7	2002	1.56
101	8	2002	1.29
101	9	2002	1.12
101	10	2002	0.79
101	11	2002	0.53
101	12	2002	0.47
101	1	2012	0.54
101	2	2012	0.37
101	3	2012	1.01
101	4	2012	1.21
101	5	2012	1.27
101	6	2012	1.55
101	7	2012	1.49
101	8	2012	1.48
101	9	2012	1.18
101	10	2012	0.85
101	11	2012	0.69
101	12	2012	0.43
102	1	2002	0.54
102	2	2002	0.62
102	3	2002	0.72
102	4	2002	1.39
102	5	2002	1.34
102	6	2002	1.67
102	7	2002	1.49
102	8	2002	1.32
102	9	2002	1.18
102	10	2002	0.77
102	11	2002	0.56
102	12	2002	0.50
102	1	2012	0.52
102	2	2012	0.38
102	3	2012	0.99
102	4	2012	1.23
102	5	2012	1.27
102	6	2012	1.55
102	7	2012	1.54
102	8	2012	1.48
102	9	2012	1.23
102	10	2012	0.82
102	11	2012	0.69
102	12	2012	0.42
103	1	2013	0.55
103	2	2013	0.52
103	3	2013	0.60
103	4	2013	1.11
103	5	2013	1.34
103	6	2013	1.28
103	7	2013	1.31
103	8	2013	1.43
103	9	2013	1.49
103	10	2013	1.11
103	11	2013	0.92
103	12	2013	0.55
103	1	2014	0.36
103	2	2014	0.43
103	3	2014	0.50
103	4	2014	1.12
103	5	2014	1.41
103	6	2014	1.53
103	7	2014	1.47
103	8	2014	1.50
103	9	2014	1.41
103	10	2014	1.09
103	11	2014	0.74
103	12	2014	0.51
103	1	2015	0.34
103	2	2015	0.34
103	3	2015	0.55
103	4	2015	1.05
103	5	2015	1.47
103	6	2015	1.35
103	7	2015	1.36
103	8	2015	1.51
103	9	2015	1.38
103	10	2015	1.13
103	11	2015	0.92
103	12	2015	0.75
103	1	2016	0.44
103	2	2016	0.55
103	3	2016	0.95
103	4	2016	1.00
103	5	2016	1.06
103	6	2016	1.54
103	7	2016	1.32
103	8	2016	1.32
103	9	2016	1.31
103	10	2016	1.19
103	11	2016	0.98
103	12	2016	0.58
104	1	2013	0.83
104	2	2013	0.81
104	3	2013	0.92
104	4	2013	1.01
104	5	2013	1.04
104	6	2013	1.17
104	7	2013	1.21
104	8	2013	1.10
104	9	2013	1.08
104	10	2013	1.05
104	11	2013	0.98
104	12	2013	0.86
104	1	2014	1.86
104	2	2014	1.25
104	3	2014	0.84
104	4	2014	0.94
104	5	2014	0.84
104	6	2014	0.72
104	7	2014	0.71
104	8	2014	0.69
104	9	2014	0.71
104	10	2014	0.68
104	11	2014	0.60
104	12	2014	2.46
104	1	2015	0.93
104	2	2015	0.87
104	3	2015	1.02
104	4	2015	1.04
104	5	2015	1.07
104	6	2015	1.15
104	7	2015	1.20
104	8	2015	1.16
104	9	2015	1.02
104	10	2015	1.01
104	11	2015	0.88
104	12	2015	0.81
104	1	2016	1.39
104	2	2016	0.93
104	3	2016	0.95
104	4	2016	0.98
104	5	2016	1.10
104	6	2016	1.90
104	7	2016	1.49
104	8	2016	1.08
104	9	2016	0.93
104	10	2016	1.00
104	11	2016	0.08
104	12	2016	0.16
105	1	2014	0.83
105	2	2014	0.64
105	3	2014	0.84
105	4	2014	1.04
105	5	2014	1.17
105	6	2014	1.21
105	7	2014	1.27
105	8	2014	1.29
105	9	2014	1.30
105	10	2014	1.10
105	11	2014	0.83
105	12	2014	0.73
112	1	2014	0.66
112	2	2014	0.51
112	3	2014	0.67
112	4	2014	0.16
112	5	2014	1.50
112	6	2014	1.70
112	7	2014	0.11
112	8	2014	1.95
112	9	2014	2.02
112	10	2014	1.36
112	11	2014	0.76
112	12	2014	0.63
113	1	2011	0.97
113	2	2011	1.04
113	3	2011	0.73
113	4	2011	0.88
113	5	2011	1.13
113	6	2011	1.06
113	7	2011	1.28
113	8	2011	1.67
113	9	2011	1.23
113	10	2011	0.87
113	11	2011	0.61
113	12	2011	0.58
113	1	2012	0.68
113	2	2012	0.86
113	3	2012	0.89
113	4	2012	0.51
113	5	2012	0.94
113	6	2012	1.28
113	7	2012	1.65
113	8	2012	1.54
113	9	2012	1.45
113	10	2012	0.78
113	11	2012	0.74
113	12	2012	0.73
113	1	2015	0.82
113	2	2015	0.92
113	3	2015	1.20
113	4	2015	1.22
113	5	2015	1.30
113	6	2015	1.33
113	7	2015	1.27
113	8	2015	1.20
113	9	2015	1.07
113	10	2015	0.76
113	11	2015	0.56
113	12	2015	0.28
114	1	2015	0.78
114	2	2015	0.92
114	3	2015	1.26
114	4	2015	1.19
114	5	2015	1.17
114	6	2015	1.06
114	7	2015	1.15
114	8	2015	1.09
114	9	2015	0.96
114	10	2015	0.92
114	11	2015	0.62
118	1	2012	0.76
118	2	2012	0.87
118	3	2012	0.81
118	4	2012	1.13
118	5	2012	1.21
118	6	2012	1.30
118	7	2012	1.36
118	8	2012	1.19
118	9	2012	1.18
118	10	2012	0.80
118	11	2012	0.65
118	12	2012	0.60
121	1	2015	0.68
121	2	2015	0.71
121	3	2015	0.91
121	4	2015	1.02
121	5	2015	1.27
121	6	2015	1.37
121	7	2015	1.39
121	8	2015	1.37
121	9	2015	1.25
121	10	2015	0.97
121	11	2015	0.69
121	12	2015	0.40
123	1	2013	0.55
123	2	2013	0.70
123	3	2013	0.93
123	4	2013	1.01
123	5	2013	1.26
123	6	2013	1.31
123	7	2013	1.10
123	8	2013	1.06
123	9	2013	0.94
123	10	2013	1.59
123	11	2013	0.88
123	12	2013	0.58
124	1	2013	0.88
124	2	2013	0.89
124	3	2013	1.11
124	4	2013	1.25
124	5	2013	0.92
124	6	2013	1.12
124	7	2013	1.08
124	8	2013	1.09
124	9	2013	0.92
124	10	2013	1.07
124	11	2013	0.95
124	12	2013	0.67
126	1	2009	0.64
126	2	2009	0.74
126	3	2009	0.62
126	4	2009	1.20
126	5	2009	2.77
126	6	2009	1.01
126	7	2009	0.94
126	8	2009	1.02
126	9	2009	1.07
126	10	2009	0.50
126	11	2009	0.34
126	12	2009	0.42
126	1	2010	0.62
126	2	2010	0.94
126	3	2010	1.18
126	4	2010	1.30
126	5	2010	1.16
126	6	2010	1.22
126	7	2010	1.47
126	8	2010	1.12
126	9	2010	0.94
126	10	2010	0.90
126	11	2010	0.54
126	12	2010	0.40
126	1	2011	0.59
126	2	2011	0.65
126	3	2011	0.64
126	4	2011	1.24
126	5	2011	1.30
126	6	2011	1.78
126	7	2011	1.38
126	8	2011	1.25
126	9	2011	0.88
126	10	2011	0.84
126	11	2011	0.64
126	12	2011	0.60
126	1	2012	0.48
126	2	2012	0.75
126	3	2012	0.76
126	4	2012	1.14
126	5	2012	1.27
126	6	2012	1.50
126	7	2012	1.82
126	8	2012	1.09
126	9	2012	1.09
126	10	2012	0.75
126	11	2012	0.74
126	12	2012	0.37
126	1	2013	0.50
126	2	2013	0.73
126	3	2013	1.06
126	4	2013	1.18
126	5	2013	1.46
126	6	2013	1.50
126	7	2013	1.19
126	8	2013	1.16
126	9	2013	0.84
126	10	2013	0.76
126	11	2013	0.73
126	12	2013	0.38
126	1	2014	0.88
126	2	2014	0.56
126	3	2014	0.91
126	4	2014	1.28
126	5	2014	1.38
126	6	2014	1.53
126	7	2014	1.36
126	8	2014	1.08
126	9	2014	1.02
126	10	2014	0.79
126	11	2014	0.54
126	12	2014	0.34
126	1	2015	1.31
126	2	2015	1.78
126	3	2015	2.37
126	4	2015	1.66
126	5	2015	1.23
126	6	2015	1.04
126	7	2015	0.65
126	8	2015	0.51
126	9	2015	0.68
126	10	2015	0.40
126	11	2015	0.00
126	12	2015	0.00
132	1	2013	0.65
132	2	2013	0.82
132	3	2013	0.88
132	4	2013	1.05
132	5	2013	1.09
132	6	2013	1.25
132	7	2013	1.29
132	8	2013	1.32
132	9	2013	1.20
132	10	2013	1.10
132	11	2013	0.87
132	12	2013	0.63
132	1	2015	0.84
132	2	2015	0.92
132	3	2015	1.00
132	4	2015	1.11
132	5	2015	1.16
132	6	2015	1.33
132	7	2015	1.15
132	8	2015	1.20
132	9	2015	1.21
132	10	2015	1.02
132	11	2015	0.72
132	12	2015	0.50
133	1	2013	0.67
133	2	2013	0.84
133	3	2013	0.89
133	4	2013	1.05
133	5	2013	1.07
133	6	2013	1.21
133	7	2013	1.26
133	8	2013	1.31
133	9	2013	1.21
133	10	2013	1.08
133	11	2013	0.85
133	12	2013	0.72
133	1	2015	2.45
133	2	2015	2.21
133	3	2015	0.64
133	4	2015	0.75
133	5	2015	0.82
133	6	2015	0.93
133	7	2015	0.87
133	8	2015	0.90
133	9	2015	0.85
133	10	2015	0.78
133	11	2015	0.62
133	12	2015	0.40
135	1	2013	3.34
135	2	2013	3.81
135	3	2013	2.26
135	4	2013	2.65
135	5	2013	0.00
135	6	2013	0.00
135	7	2013	0.00
135	8	2013	0.00
135	9	2013	0.00
135	10	2013	0.00
135	11	2013	0.01
135	12	2013	0.00
135	1	2015	0.91
135	2	2015	0.88
135	3	2015	0.97
135	4	2015	0.96
135	5	2015	1.06
135	6	2015	1.20
135	7	2015	1.24
135	8	2015	1.17
135	9	2015	1.08
135	10	2015	1.04
135	11	2015	0.93
135	12	2015	0.74
144	1	2013	0.62
144	2	2013	0.81
144	3	2013	0.86
144	4	2013	1.04
144	5	2013	1.14
144	6	2013	1.27
144	7	2013	1.36
144	8	2013	1.33
144	9	2013	1.16
144	10	2013	1.11
144	11	2013	0.85
144	12	2013	0.57
144	1	2015	0.86
144	2	2015	0.94
144	3	2015	1.03
144	4	2015	1.07
144	5	2015	1.13
144	6	2015	1.33
144	7	2015	1.27
144	8	2015	1.10
144	9	2015	1.13
144	10	2015	0.94
144	11	2015	0.74
144	12	2015	0.62
153	1	2015	0.61
153	2	2015	0.72
153	3	2015	1.17
153	4	2015	1.05
153	5	2015	1.47
153	6	2015	1.46
153	7	2015	1.22
153	8	2015	1.12
153	9	2015	0.98
153	10	2015	0.99
153	11	2015	0.65
153	12	2015	0.19
155	1	2015	1.00
155	2	2015	1.10
155	3	2015	1.06
155	4	2015	1.15
155	5	2015	1.18
155	6	2015	1.09
155	7	2015	1.01
155	8	2015	1.02
155	9	2015	1.20
155	10	2015	1.20
155	11	2015	1.16
155	12	2015	0.01
158	1	2009	0.70
158	2	2009	0.65
158	3	2009	0.88
158	4	2009	1.48
158	5	2009	1.93
158	6	2009	1.31
158	7	2009	1.02
158	8	2009	0.90
158	9	2009	1.02
158	10	2009	0.75
158	11	2009	0.57
158	12	2009	0.25
158	1	2010	0.67
158	2	2010	0.90
158	3	2010	1.17
158	4	2010	1.31
158	5	2010	1.38
158	6	2010	1.31
158	7	2010	1.17
158	8	2010	0.93
158	9	2010	0.82
158	10	2010	0.80
158	11	2010	0.92
158	12	2010	0.40
158	1	2011	0.79
158	2	2011	0.57
158	3	2011	0.85
158	4	2011	1.38
158	5	2011	1.76
158	6	2011	1.40
158	7	2011	1.16
158	8	2011	1.07
158	9	2011	0.81
158	10	2011	0.72
158	11	2011	0.56
158	12	2011	0.56
158	1	2012	0.63
158	2	2012	0.80
158	3	2012	1.09
158	4	2012	1.48
158	5	2012	1.80
158	6	2012	1.10
158	7	2012	1.34
158	8	2012	0.89
158	9	2012	0.83
158	10	2012	0.68
158	11	2012	0.72
158	12	2012	0.36
158	1	2013	0.65
158	2	2013	0.82
158	3	2013	1.33
158	4	2013	1.37
158	5	2013	1.47
158	6	2013	1.18
158	7	2013	1.08
158	8	2013	0.87
158	9	2013	0.99
158	10	2013	0.88
158	11	2013	0.58
158	12	2013	0.30
158	1	2014	0.88
158	2	2014	0.65
158	3	2014	1.02
158	4	2014	1.38
158	5	2014	1.59
158	6	2014	1.22
158	7	2014	0.94
158	8	2014	0.67
158	9	2014	1.07
158	10	2014	0.91
158	11	2014	0.95
158	12	2014	0.47
158	1	2015	0.84
158	2	2015	1.03
158	3	2015	1.15
158	4	2015	1.30
158	5	2015	1.45
158	6	2015	1.07
158	7	2015	0.97
158	8	2015	0.78
158	9	2015	0.88
158	10	2015	0.92
158	11	2015	0.61
158	12	2015	0.31
160	1	2014	0.90
160	2	2014	0.76
160	3	2014	1.00
160	4	2014	1.24
160	5	2014	0.92
160	6	2014	1.44
160	7	2014	0.93
160	8	2014	1.49
160	9	2014	1.17
160	10	2014	1.00
160	11	2014	0.72
160	12	2014	0.64
163	1	2014	0.44
163	2	2014	0.56
163	3	2014	0.80
163	4	2014	0.15
163	5	2014	1.30
163	6	2014	1.39
163	7	2014	1.57
163	8	2014	1.62
163	9	2014	1.55
163	10	2014	1.23
163	11	2014	0.88
163	12	2014	0.74
163	1	2015	0.83
163	2	2015	0.86
163	3	2015	0.95
163	4	2015	1.06
163	5	2015	1.21
163	6	2015	1.35
163	7	2015	0.82
163	8	2015	0.00
163	9	2015	1.68
163	10	2015	1.74
163	11	2015	1.18
163	12	2015	0.66
170	1	2015	0.85
170	2	2015	0.86
170	3	2015	1.00
170	4	2015	1.03
170	5	2015	1.11
170	6	2015	1.24
170	7	2015	1.18
170	8	2015	1.15
170	9	2015	1.04
170	10	2015	0.92
170	11	2015	0.79
170	12	2015	0.44
172	1	2016	0.48
172	2	2016	0.59
172	3	2016	0.63
172	4	2016	0.91
172	5	2016	1.12
172	6	2016	0.99
172	7	2016	0.75
172	8	2016	1.13
172	9	2016	2.56
172	10	2016	2.69
172	11	2016	0.10
172	12	2016	0.18
173	1	2014	0.69
173	2	2014	0.61
173	3	2014	0.74
173	4	2014	0.91
173	5	2014	1.14
173	6	2014	1.19
173	7	2014	1.27
173	8	2014	1.23
173	9	2014	1.41
173	10	2014	1.12
173	11	2014	1.04
173	12	2014	0.91
173	1	2015	1.00
173	2	2015	1.01
173	3	2015	1.02
173	4	2015	1.04
173	5	2015	1.21
173	6	2015	1.20
173	7	2015	1.17
173	8	2015	1.09
173	9	2015	1.01
173	10	2015	0.94
173	11	2015	0.79
173	12	2015	0.68
173	1	2016	0.90
173	2	2016	0.92
173	3	2016	0.98
173	4	2016	1.36
173	5	2016	1.41
173	6	2016	1.30
173	7	2016	1.34
173	8	2016	1.28
173	9	2016	1.34
173	10	2016	0.61
173	11	2016	0.50
173	12	2016	0.24
174	1	2016	0.47
174	2	2016	0.69
174	3	2016	0.73
174	4	2016	1.37
174	5	2016	1.58
174	6	2016	1.53
174	7	2016	1.45
174	8	2016	1.37
174	9	2016	1.17
174	10	2016	0.77
174	11	2016	0.71
174	12	2016	0.30
175	1	2016	0.07
175	2	2016	0.10
175	3	2016	0.12
175	4	2016	0.15
175	5	2016	0.17
175	6	2016	8.37
175	7	2016	2.65
175	8	2016	0.14
175	9	2016	0.12
175	10	2016	0.09
175	11	2016	0.08
175	12	2016	0.06
176	1	2014	0.70
176	2	2014	0.57
176	3	2014	0.70
176	4	2014	0.80
176	5	2014	1.19
176	6	2014	1.43
176	7	2014	1.43
176	8	2014	1.64
176	9	2014	1.58
176	10	2014	1.04
176	11	2014	0.65
176	12	2014	0.49
176	1	2015	0.83
176	2	2015	0.89
176	3	2015	0.89
176	4	2015	1.03
176	5	2015	0.51
176	6	2015	1.37
176	7	2015	1.35
176	8	2015	1.27
176	9	2015	1.21
176	10	2015	1.18
176	11	2015	0.96
176	12	2015	0.67
176	1	2016	0.72
176	2	2016	0.83
176	3	2016	0.85
176	4	2016	1.19
176	5	2016	1.25
176	6	2016	1.22
176	7	2016	1.27
176	8	2016	1.20
176	9	2016	1.15
176	10	2016	0.96
176	11	2016	0.98
176	12	2016	0.64
177	1	2014	0.52
177	2	2014	0.40
177	3	2014	0.66
177	4	2014	1.11
177	5	2014	1.51
177	6	2014	1.59
177	7	2014	1.72
177	8	2014	1.58
177	9	2014	1.17
177	10	2014	0.78
177	11	2014	0.54
177	12	2014	0.41
177	1	2015	0.57
177	2	2015	0.66
177	3	2015	0.86
177	4	2015	1.09
177	5	2015	1.37
177	6	2015	1.81
177	7	2015	1.64
177	8	2015	1.54
177	9	2015	1.07
177	10	2015	0.79
177	11	2015	0.28
177	12	2015	0.24
177	1	2016	0.43
177	2	2016	0.63
177	3	2016	0.74
177	4	2016	1.36
177	5	2016	1.46
177	6	2016	1.61
177	7	2016	1.63
177	8	2016	1.55
177	9	2016	1.08
177	10	2016	0.61
177	11	2016	0.59
177	12	2016	0.29
178	1	2014	0.69
178	2	2014	0.67
178	3	2014	0.88
178	4	2014	1.09
178	5	2014	1.19
178	6	2014	1.58
178	7	2014	1.30
178	8	2014	1.27
178	9	2014	1.08
178	10	2014	0.82
178	11	2014	0.73
178	12	2014	0.64
178	1	2015	0.04
178	2	2015	0.04
178	3	2015	0.48
178	4	2015	3.49
178	5	2015	0.47
178	6	2015	0.06
178	7	2015	0.06
178	8	2015	0.06
178	9	2015	0.05
178	10	2015	0.04
178	11	2015	0.04
178	12	2015	5.10
178	1	2016	9.65
178	2	2016	0.13
178	3	2016	0.13
178	4	2016	0.15
178	5	2016	0.18
178	6	2016	0.26
178	7	2016	0.21
178	8	2016	0.26
178	9	2016	0.15
178	10	2016	0.12
178	11	2016	0.12
178	12	2016	0.08
179	1	2014	0.63
179	2	2014	0.54
179	3	2014	0.72
179	4	2014	0.94
179	5	2014	1.46
179	6	2014	1.35
179	7	2014	1.36
179	8	2014	1.20
179	9	2014	1.22
179	10	2014	1.02
179	11	2014	0.90
179	12	2014	0.74
179	1	2015	0.39
179	2	2015	0.44
179	3	2015	0.50
179	4	2015	0.61
179	5	2015	0.69
179	6	2015	0.70
179	7	2015	0.70
179	8	2015	0.61
179	9	2015	0.51
179	10	2015	0.47
179	11	2015	0.31
179	12	2015	7.64
180	1	2014	0.45
180	2	2014	0.42
180	3	2014	0.61
180	4	2014	0.78
180	5	2014	1.34
180	6	2014	2.59
180	7	2014	1.69
180	8	2014	1.83
180	9	2014	0.97
180	10	2014	0.49
180	11	2014	0.46
180	12	2014	0.42
180	1	2015	0.65
180	2	2015	0.62
180	3	2015	0.72
180	4	2015	0.97
180	5	2015	1.30
180	6	2015	1.21
180	7	2015	1.53
180	8	2015	1.41
180	9	2015	1.08
180	10	2015	0.86
180	11	2015	0.71
180	12	2015	0.88
181	1	2014	0.60
181	2	2014	0.52
181	3	2014	0.71
181	4	2014	0.98
181	5	2014	1.44
181	6	2014	1.48
181	7	2014	1.61
181	8	2014	1.44
181	9	2014	1.26
181	10	2014	0.90
181	11	2014	0.70
181	12	2014	0.53
181	1	2016	0.58
181	2	2016	0.74
181	3	2016	0.78
181	4	2016	1.31
181	5	2016	1.51
181	6	2016	1.45
181	7	2016	1.49
181	8	2016	1.24
181	9	2016	1.18
181	10	2016	0.73
181	11	2016	0.74
181	12	2016	0.43
182	1	2014	0.63
182	2	2014	0.57
182	3	2014	0.77
182	4	2014	1.08
182	5	2014	1.21
182	6	2014	1.25
182	7	2014	1.41
182	8	2014	2.00
182	9	2014	1.10
182	10	2014	0.75
182	11	2014	0.67
182	12	2014	0.55
182	1	2016	0.60
182	2	2016	0.74
182	3	2016	0.83
182	4	2016	1.22
182	5	2016	1.15
182	6	2016	1.24
182	7	2016	1.41
182	8	2016	1.92
182	9	2016	1.10
182	10	2016	0.69
182	11	2016	0.69
182	12	2016	0.46
183	1	2013	0.58
183	2	2013	0.72
183	3	2013	0.85
183	4	2013	0.93
183	5	2013	1.41
183	6	2013	1.33
183	7	2013	1.49
183	8	2013	1.35
183	9	2013	1.09
183	10	2013	1.01
183	11	2013	0.84
183	12	2013	0.60
183	1	2014	0.72
183	2	2014	0.62
183	3	2014	0.72
183	4	2014	1.04
183	5	2014	1.43
183	6	2014	1.36
183	7	2014	1.41
183	8	2014	1.36
183	9	2014	1.19
183	10	2014	0.97
183	11	2014	0.80
183	12	2014	0.62
183	1	2015	0.77
183	2	2015	0.78
183	3	2015	0.79
183	4	2015	1.03
183	5	2015	1.36
183	6	2015	1.40
183	7	2015	1.35
183	8	2015	1.27
183	9	2015	1.13
183	10	2015	1.00
183	11	2015	0.79
183	12	2015	0.57
183	1	2016	0.67
183	2	2016	0.79
183	3	2016	0.81
183	4	2016	1.17
183	5	2016	1.39
183	6	2016	1.32
183	7	2016	1.33
183	8	2016	1.32
183	9	2016	1.19
183	10	2016	0.86
183	11	2016	0.89
183	12	2016	0.52
184	1	2016	0.48
184	2	2016	0.68
184	3	2016	0.76
184	4	2016	1.35
184	5	2016	1.46
184	6	2016	1.50
184	7	2016	1.51
184	8	2016	1.51
184	9	2016	1.09
184	10	2016	0.68
184	11	2016	0.64
184	12	2016	0.32
185	1	2016	0.52
185	2	2016	0.63
185	3	2016	0.73
185	4	2016	1.12
185	5	2016	1.46
185	6	2016	1.54
185	7	2016	1.66
185	8	2016	1.52
185	9	2016	1.15
185	10	2016	0.67
185	11	2016	0.57
185	12	2016	0.39
186	1	2014	0.56
186	2	2014	0.46
186	3	2014	0.68
186	4	2014	1.13
186	5	2014	1.52
186	6	2014	1.50
186	7	2014	1.69
186	8	2014	1.43
186	9	2014	1.14
186	10	2014	0.80
186	11	2014	0.63
186	12	2014	0.50
186	1	2015	0.67
186	2	2015	0.65
186	3	2015	0.88
186	4	2015	1.16
186	5	2015	1.55
186	6	2015	1.66
186	7	2015	1.44
186	8	2015	1.28
186	9	2015	0.99
186	10	2015	0.80
186	11	2015	0.51
186	12	2015	0.37
187	1	2014	0.58
187	2	2014	0.53
187	3	2014	0.71
187	4	2014	1.25
187	5	2014	1.28
187	6	2014	0.98
187	7	2014	1.33
187	8	2014	2.38
187	9	2014	1.24
187	10	2014	0.71
187	11	2014	0.55
187	12	2014	0.45
187	1	2015	0.64
187	2	2015	0.68
187	3	2015	0.87
187	4	2015	1.32
187	5	2015	2.21
187	6	2015	1.22
187	7	2015	0.86
187	8	2015	1.46
187	9	2015	1.12
187	10	2015	0.76
187	11	2015	0.50
187	12	2015	0.38
188	1	2014	0.83
188	2	2014	0.98
188	3	2014	1.00
188	4	2014	1.00
188	5	2014	0.97
188	6	2014	0.99
188	7	2014	1.22
188	8	2014	1.02
188	9	2014	1.08
188	10	2014	1.20
188	11	2014	1.02
188	12	2014	0.94
188	1	2015	2.67
188	2	2015	1.01
188	3	2015	0.84
188	4	2015	0.78
188	5	2015	1.02
188	6	2015	1.10
188	7	2015	1.02
188	8	2015	1.00
188	9	2015	1.01
188	10	2015	0.75
188	11	2015	0.57
188	12	2015	0.40
189	1	2016	0.37
189	2	2016	0.57
189	3	2016	0.70
189	4	2016	1.40
189	5	2016	1.45
189	6	2016	1.66
189	7	2016	1.74
189	8	2016	1.55
189	9	2016	1.15
189	10	2016	0.58
189	11	2016	0.52
189	12	2016	0.22
190	1	2016	0.64
190	2	2016	0.81
190	3	2016	0.89
190	4	2016	1.28
190	5	2016	1.27
190	6	2016	1.29
190	7	2016	1.45
190	8	2016	1.21
190	9	2016	1.10
190	10	2016	0.76
190	11	2016	0.78
190	12	2016	0.50
196	1	2011	0.60
196	2	2011	4.12
196	3	2011	1.03
196	4	2011	1.28
196	5	2011	0.89
196	6	2011	0.25
196	7	2011	0.13
196	8	2011	0.15
196	9	2011	0.23
196	10	2011	0.95
196	11	2011	1.48
196	12	2011	1.36
197	1	2008	0.97
197	2	2008	1.42
197	3	2008	1.14
197	4	2008	1.16
197	5	2008	1.22
197	6	2008	1.05
197	7	2008	0.75
197	8	2008	0.61
197	9	2008	1.19
197	10	2008	0.98
197	11	2008	0.86
197	12	2008	0.77
197	1	2010	1.01
197	2	2010	1.20
197	3	2010	1.41
197	4	2010	1.39
197	5	2010	1.28
197	6	2010	1.11
197	7	2010	0.80
197	8	2010	0.79
197	9	2010	0.76
197	10	2010	0.84
197	11	2010	0.69
197	12	2010	0.57
199	1	2010	0.74
199	2	2010	1.09
199	3	2010	0.98
199	4	2010	1.00
199	5	2010	1.06
199	6	2010	1.28
199	7	2010	1.41
199	8	2010	1.39
199	9	2010	1.11
199	10	2010	0.77
199	11	2010	0.57
199	12	2010	0.45
199	1	2011	0.84
199	2	2011	0.87
199	3	2011	0.84
199	4	2011	0.98
199	5	2011	1.14
199	6	2011	1.24
199	7	2011	1.51
199	8	2011	1.61
199	9	2011	1.29
199	10	2011	0.86
199	11	2011	0.53
199	12	2011	0.11
201	1	2010	0.88
201	2	2010	1.00
201	3	2010	1.06
201	4	2010	1.19
201	5	2010	0.94
201	6	2010	1.06
201	8	2010	1.05
201	9	2010	1.02
201	10	2010	0.97
201	11	2010	0.75
201	12	2010	0.68
202	1	2009	0.79
202	2	2009	0.86
202	3	2009	0.88
202	4	2009	1.06
202	5	2009	1.21
202	6	2009	1.72
202	7	2009	1.36
202	8	2009	0.94
202	9	2009	1.09
202	10	2009	0.92
202	11	2009	0.74
202	12	2009	0.46
203	1	2009	0.96
203	2	2009	0.89
203	3	2009	0.94
203	4	2009	2.01
203	5	2009	1.09
203	6	2009	1.00
203	7	2009	1.00
203	8	2009	0.98
203	9	2009	0.94
203	10	2009	0.85
203	11	2009	0.59
203	12	2009	0.62
203	1	2010	0.89
203	2	2010	0.96
203	3	2010	0.93
203	4	2010	2.26
203	5	2010	0.87
203	6	2010	0.87
203	7	2010	0.93
203	8	2010	0.98
203	9	2010	0.97
203	10	2010	0.81
203	11	2010	0.73
203	12	2010	0.66
203	1	2011	0.83
203	2	2011	1.10
203	3	2011	1.06
203	4	2011	1.58
203	5	2011	1.30
203	6	2011	1.11
203	7	2011	1.23
203	8	2011	1.00
203	9	2011	0.78
203	10	2011	0.69
203	11	2011	0.73
203	12	2011	0.67
204	1	2010	0.84
204	2	2010	1.04
204	3	2010	0.99
204	4	2010	0.96
204	5	2010	1.20
204	6	2010	1.17
204	7	2010	1.21
204	8	2010	1.18
204	9	2010	1.17
204	10	2010	1.09
204	11	2010	0.74
204	12	2010	0.55
206	1	2011	0.72
206	2	2011	0.70
206	3	2011	1.01
206	4	2011	1.42
206	5	2011	1.56
206	6	2011	1.45
206	7	2011	1.23
206	8	2011	1.04
206	9	2011	0.80
206	10	2011	0.73
206	11	2011	0.66
206	12	2011	0.60
206	1	2012	0.68
206	2	2012	0.76
206	3	2012	1.13
206	4	2012	1.34
206	5	2012	1.56
206	6	2012	1.33
206	7	2012	1.23
206	8	2012	1.03
206	9	2012	0.99
206	10	2012	0.74
206	11	2012	0.65
206	12	2012	0.46
206	1	2013	0.57
206	2	2013	0.80
206	3	2013	1.17
206	4	2013	1.22
206	5	2013	1.18
206	6	2013	1.40
206	7	2013	1.16
206	8	2013	1.12
206	9	2013	0.87
206	10	2013	1.05
206	11	2013	0.66
206	12	2013	0.56
206	1	2014	0.78
206	2	2014	0.64
206	3	2014	1.06
206	4	2014	1.42
206	5	2014	1.40
206	6	2014	1.27
206	7	2014	1.08
206	8	2014	1.02
206	9	2014	1.02
206	10	2014	0.92
206	11	2014	0.72
206	12	2014	0.58
206	1	2015	0.82
206	2	2015	0.89
206	3	2015	1.55
206	4	2015	1.26
206	5	2015	1.21
206	6	2015	1.00
206	7	2015	0.93
206	8	2015	1.02
206	9	2015	0.99
206	10	2015	0.93
206	11	2015	0.73
206	12	2015	0.49
207	1	2011	0.64
207	2	2011	0.71
207	3	2011	0.74
207	4	2011	1.18
207	5	2011	1.21
207	6	2011	1.53
207	7	2011	1.49
207	8	2011	1.33
207	9	2011	0.89
207	10	2011	0.82
207	11	2011	0.62
207	12	2011	0.60
207	1	2012	0.55
207	2	2012	0.70
207	3	2012	0.91
207	4	2012	1.23
207	5	2012	1.24
207	6	2012	1.34
207	7	2012	1.44
207	8	2012	1.17
207	9	2012	1.18
207	10	2012	0.82
207	11	2012	0.71
207	12	2012	0.41
207	1	2013	0.57
207	2	2013	0.75
207	3	2013	1.01
207	4	2013	1.23
207	5	2013	1.10
207	6	2013	1.23
207	7	2013	1.40
207	8	2013	1.25
207	9	2013	0.79
207	10	2013	1.13
207	11	2013	0.69
207	12	2013	0.40
207	1	2014	0.78
207	2	2014	0.58
207	3	2014	0.99
207	4	2014	1.18
207	5	2014	1.26
207	6	2014	1.32
207	7	2014	1.19
207	8	2014	1.16
207	9	2014	1.02
207	10	2014	0.88
207	11	2014	0.64
207	12	2014	0.54
207	1	2015	0.84
207	2	2015	0.97
207	3	2015	1.22
207	4	2015	1.17
207	5	2015	1.22
207	6	2015	1.11
207	7	2015	0.98
207	8	2015	1.07
207	9	2015	1.05
207	10	2015	0.86
207	11	2015	0.61
207	12	2015	0.36
208	1	2011	0.49
208	2	2011	0.63
208	3	2011	0.83
208	4	2011	1.03
208	5	2011	1.17
208	6	2011	1.45
208	7	2011	1.33
208	8	2011	1.14
208	9	2011	1.16
208	10	2011	1.03
208	11	2011	0.88
208	12	2011	0.81
208	1	2012	0.80
208	2	2012	0.85
208	3	2012	0.91
208	4	2012	1.07
208	5	2012	1.21
208	6	2012	1.29
208	7	2012	1.42
208	8	2012	1.16
208	9	2012	1.04
208	10	2012	0.80
208	11	2012	0.80
208	12	2012	0.61
208	1	2013	0.69
208	2	2013	0.83
208	3	2013	1.07
208	4	2013	1.20
208	5	2013	1.16
208	6	2013	0.91
208	7	2013	1.32
208	8	2013	1.27
208	9	2013	0.92
208	10	2013	1.02
208	11	2013	0.81
208	12	2013	0.63
208	1	2014	0.79
208	2	2014	0.66
208	3	2014	0.86
208	4	2014	1.12
208	5	2014	1.17
208	6	2014	1.30
208	7	2014	1.30
208	8	2014	1.20
208	9	2014	1.10
208	10	2014	0.92
208	11	2014	0.75
208	12	2014	0.69
208	1	2015	0.91
208	2	2015	0.97
208	3	2015	1.12
208	4	2015	1.17
208	5	2015	1.24
208	6	2015	1.17
208	7	2015	1.04
208	8	2015	1.05
208	9	2015	1.08
208	10	2015	0.94
208	11	2015	0.74
208	12	2015	0.46
209	1	2014	0.85
209	2	2014	0.74
209	3	2014	1.12
209	4	2014	1.50
209	5	2014	1.09
209	6	2014	1.13
209	7	2014	1.03
209	8	2014	0.98
209	9	2014	0.95
209	10	2014	0.91
209	11	2014	0.84
209	12	2014	0.76
209	1	2015	1.10
209	2	2015	1.13
209	3	2015	1.34
209	4	2015	1.22
209	5	2015	1.19
209	6	2015	0.95
209	7	2015	0.83
209	8	2015	0.83
209	9	2015	1.08
209	10	2015	0.92
209	11	2015	0.78
209	12	2015	0.47
210	1	2012	0.34
210	2	2012	0.45
210	3	2012	0.42
210	4	2012	0.60
210	5	2012	0.66
210	6	2012	0.74
210	7	2012	0.81
210	8	2012	0.75
210	9	2012	0.72
210	10	2012	0.46
210	11	2012	0.41
210	12	2012	0.29
210	1	2014	0.67
210	2	2014	0.56
210	3	2014	0.91
210	4	2014	1.18
210	5	2014	1.20
210	6	2014	1.35
210	7	2014	1.33
210	8	2014	1.32
210	9	2014	1.16
210	10	2014	0.94
210	11	2014	0.66
210	12	2014	0.56
211	1	2011	0.41
211	2	2011	0.52
211	3	2011	0.43
211	4	2011	0.89
211	5	2011	1.20
211	6	2011	1.56
211	7	2011	1.74
211	8	2011	1.85
211	9	2011	1.34
211	10	2011	0.72
211	11	2011	0.68
211	12	2011	0.66
211	1	2012	0.43
211	2	2012	0.74
211	3	2012	0.62
211	4	2012	0.95
211	5	2012	1.47
211	6	2012	1.52
211	7	2012	1.75
211	8	2012	1.49
211	9	2012	1.60
211	10	2012	0.83
211	11	2012	0.42
211	12	2012	0.12
211	1	2014	0.81
211	2	2014	0.49
211	3	2014	0.90
211	4	2014	1.23
211	5	2014	1.41
211	6	2014	1.64
211	7	2014	1.29
211	8	2014	1.20
211	9	2014	1.20
211	10	2014	0.82
211	11	2014	0.55
211	12	2014	0.32
211	1	2015	0.72
211	2	2015	0.85
211	3	2015	1.23
211	4	2015	1.31
211	5	2015	1.29
211	6	2015	1.05
211	7	2015	0.87
211	8	2015	1.34
211	9	2015	1.44
211	10	2015	1.09
211	11	2015	0.43
211	12	2015	0.13
213	1	2011	0.68
213	2	2011	0.68
213	3	2011	0.72
213	4	2011	1.09
213	5	2011	1.09
213	6	2011	1.40
213	7	2011	1.72
213	8	2011	1.50
213	9	2011	1.06
213	10	2011	0.81
213	11	2011	0.64
213	12	2011	0.59
213	1	2012	0.60
213	2	2012	0.78
213	3	2012	0.95
213	4	2012	1.23
213	5	2012	1.23
213	6	2012	1.40
213	7	2012	1.44
213	8	2012	1.26
213	9	2012	1.11
213	10	2012	0.74
213	11	2012	0.69
213	12	2012	0.52
214	1	2011	0.75
214	2	2011	0.88
214	3	2011	0.75
214	4	2011	0.89
214	5	2011	0.96
214	6	2011	1.32
214	7	2011	1.40
214	8	2011	1.49
214	9	2011	1.09
214	10	2011	0.89
214	11	2011	0.72
214	12	2011	0.78
214	1	2012	0.79
214	2	2012	0.94
214	3	2012	0.83
214	4	2012	1.01
214	5	2012	1.07
214	6	2012	1.25
214	7	2012	1.47
214	8	2012	1.24
214	9	2012	1.08
214	10	2012	0.90
214	11	2012	0.71
214	12	2012	0.57
214	1	2013	0.71
214	2	2013	0.74
214	3	2013	0.86
214	4	2013	0.98
214	5	2013	1.01
214	6	2013	1.45
214	7	2013	1.43
214	8	2013	1.23
214	9	2013	1.05
214	10	2013	0.92
214	11	2013	0.68
214	12	2013	0.62
216	1	2012	0.65
216	2	2012	0.75
216	3	2012	0.81
216	4	2012	1.15
216	5	2012	1.31
216	6	2012	1.29
216	7	2012	1.38
216	8	2012	1.26
216	9	2012	1.16
216	10	2012	0.81
216	11	2012	0.75
216	12	2012	0.58
216	1	2013	0.62
216	2	2013	0.63
216	3	2013	0.91
216	4	2013	0.93
216	5	2013	1.22
216	6	2013	1.43
216	7	2013	1.34
216	8	2013	1.30
216	9	2013	1.02
216	10	2013	1.09
216	11	2013	0.78
216	12	2013	0.51
216	1	2014	0.76
216	2	2014	0.63
216	3	2014	1.02
216	4	2014	1.23
216	5	2014	1.25
216	6	2014	1.24
216	7	2014	1.15
216	8	2014	1.21
216	9	2014	1.10
216	10	2014	0.87
216	11	2014	0.71
216	12	2014	0.63
217	1	2012	0.65
217	2	2012	0.75
217	3	2012	0.81
217	4	2012	1.15
217	5	2012	1.31
217	6	2012	1.29
217	7	2012	1.38
217	8	2012	1.26
217	9	2012	1.16
217	10	2012	0.81
217	11	2012	0.75
217	12	2012	0.58
217	1	2013	0.62
217	2	2013	0.63
217	3	2013	0.92
217	4	2013	0.94
217	5	2013	1.22
217	6	2013	1.43
217	7	2013	1.35
217	8	2013	1.30
217	9	2013	1.02
217	10	2013	1.09
217	11	2013	0.74
217	12	2013	0.51
217	1	2014	0.76
217	2	2014	0.63
217	3	2014	1.02
217	4	2014	1.21
217	5	2014	1.25
217	6	2014	1.24
217	7	2014	1.16
217	8	2014	1.22
217	9	2014	1.10
217	10	2014	0.87
217	11	2014	0.71
217	12	2014	0.64
218	1	2014	0.68
218	2	2014	0.58
218	3	2014	0.88
218	4	2014	0.95
218	5	2014	0.94
218	6	2014	1.37
218	7	2014	1.87
218	8	2014	1.70
218	9	2014	0.87
218	10	2014	0.72
218	11	2014	0.93
218	12	2014	0.61
218	1	2015	0.75
218	2	2015	0.73
218	3	2015	0.98
218	4	2015	0.93
218	5	2015	0.87
218	6	2015	1.37
218	7	2015	1.67
218	8	2015	1.73
218	9	2015	0.86
218	10	2015	0.76
218	11	2015	0.83
218	12	2015	0.53
219	1	2012	0.59
219	2	2012	0.77
219	3	2012	0.81
219	4	2012	1.09
219	5	2012	1.23
219	6	2012	1.27
219	7	2012	1.52
219	8	2012	1.35
219	9	2012	1.20
219	10	2012	0.82
219	11	2012	0.78
219	12	2012	0.49
219	1	2013	0.57
219	2	2013	0.80
219	3	2013	1.08
219	4	2013	1.14
219	5	2013	1.23
219	6	2013	1.36
219	7	2013	1.37
219	8	2013	1.21
219	9	2013	0.97
219	10	2013	0.92
219	11	2013	0.71
219	12	2013	0.45
219	1	2014	0.72
219	2	2014	0.56
219	3	2014	0.89
219	4	2014	1.13
219	5	2014	1.30
219	6	2014	1.37
219	7	2014	1.33
219	8	2014	1.27
219	9	2014	1.09
219	10	2014	0.93
219	11	2014	0.68
219	12	2014	0.57
225	1	2012	0.68
225	2	2012	0.83
225	3	2012	0.79
225	4	2012	1.22
225	5	2012	1.30
225	6	2012	1.45
225	7	2012	1.56
225	8	2012	1.30
225	9	2012	1.08
225	10	2012	0.62
225	11	2012	0.63
225	12	2012	0.53
225	1	2013	0.53
225	2	2013	0.75
225	3	2013	1.06
225	4	2013	1.25
225	5	2013	1.21
225	6	2013	1.31
225	7	2013	1.35
225	8	2013	1.30
225	9	2013	1.02
225	10	2013	1.01
225	11	2013	0.65
225	12	2013	0.49
226	1	2015	0.73
226	2	2015	0.80
226	3	2015	1.07
226	4	2015	1.06
226	5	2015	1.27
226	6	2015	1.36
226	7	2015	1.28
226	8	2015	1.30
226	9	2015	1.14
226	10	2015	0.93
226	11	2015	0.62
226	12	2015	0.37
230	1	2015	0.97
230	2	2015	1.02
230	3	2015	1.21
230	4	2015	1.24
230	5	2015	1.07
230	6	2015	1.02
230	7	2015	1.01
230	8	2015	1.06
230	9	2015	1.12
230	10	2015	0.89
230	11	2015	0.71
230	12	2015	0.41
